# This file uses centimeters as units for non-parametric coordinates.

mtllib Tabla de reporte.mtl
g default
v -6.886318 0.322992 -0.828710
v -5.357845 0.322992 -0.828710
v -3.829369 0.322992 -0.828710
v -2.300892 0.322992 -0.828710
v -0.772419 0.322992 -0.828710
v -6.886318 0.277824 -1.363607
v -5.357845 0.277824 -1.363607
v -3.829369 0.277824 -1.363607
v -2.300892 0.277824 -1.363607
v -0.772419 0.277824 -1.363607
v -6.886318 0.277824 -1.913564
v -5.357845 0.277824 -1.913564
v -3.829369 0.277824 -1.913564
v -2.300892 0.277824 -1.913564
v -0.772419 0.277824 -1.913564
v -6.886318 0.277824 -2.463521
v -5.357845 0.277824 -2.463521
v -3.829369 0.277824 -2.463521
v -2.300892 0.277824 -2.463521
v -0.772419 0.277824 -2.463521
v -6.886318 0.312080 -3.013478
v -5.357845 0.312080 -3.013478
v -3.829369 0.312080 -3.013478
v -2.300892 0.312080 -3.013478
v -0.772419 0.312080 -3.013478
v -6.886318 0.277824 -3.563434
v -5.357845 0.277824 -3.563434
v -3.829369 0.277824 -3.563434
v -2.300892 0.277824 -3.563434
v -0.772419 0.277824 -3.563434
v -6.886318 0.277824 -4.113391
v -5.357845 0.277824 -4.113391
v -3.829369 0.277824 -4.113391
v -2.300892 0.277824 -4.113391
v -0.772419 0.277824 -4.113391
v -6.886318 0.277824 -4.663348
v -5.357845 0.277824 -4.663348
v -3.829369 0.277824 -4.663348
v -2.300892 0.277824 -4.663348
v -0.772419 0.277824 -4.663348
v -6.886318 0.277824 -5.213305
v -5.357845 0.277824 -5.213305
v -3.829369 0.277824 -5.213305
v -2.300892 0.277824 -5.213305
v -0.772419 0.277824 -5.213305
v -6.886318 0.328085 -5.763262
v -5.357845 0.328085 -5.763262
v -3.829369 0.328085 -5.763262
v -2.300892 0.328085 -5.763262
v -0.772419 0.328085 -5.763262
v -6.886318 0.277824 -6.313219
v -5.357845 0.277824 -6.313219
v -3.829369 0.277824 -6.313219
v -2.300892 0.277824 -6.313219
v -0.772419 0.277824 -6.313219
v -6.886318 0.277824 -6.863176
v -5.357845 0.277824 -6.863176
v -3.829369 0.277824 -6.863176
v -2.300892 0.277824 -6.863176
v -0.772419 0.277824 -6.863176
v -6.886318 0.277824 -7.413132
v -5.357845 0.277824 -7.413132
v -3.829369 0.277824 -7.413132
v -2.300892 0.277824 -7.413132
v -0.772419 0.277824 -7.413132
v -6.886318 0.277824 -7.963089
v -5.357845 0.277824 -7.963089
v -3.829369 0.277824 -7.963089
v -2.300892 0.277824 -7.963089
v -0.772419 0.277824 -7.963089
v -6.886318 0.277824 -8.513046
v -5.357845 0.277824 -8.513046
v -3.829369 0.277824 -8.513046
v -2.300892 0.277824 -8.513046
v -0.772419 0.277824 -8.513046
v -6.886318 0.301912 -9.063003
v -5.357845 0.301912 -9.063003
v -3.829369 0.301912 -9.063003
v -2.300892 0.301912 -9.063003
v -0.772419 0.301912 -9.063003
v -6.886318 0.342843 -9.612960
v -5.357845 0.342843 -9.612960
v -3.829369 0.342843 -9.612960
v -2.300892 0.342843 -9.612960
v -0.772419 0.342843 -9.612960
v -6.319481 0.291547 -8.851007
v -5.057877 0.291547 -8.851007
v -4.327389 0.291547 -8.851007
v -3.331352 0.291547 -8.851007
v -2.600861 0.291547 -8.851007
v -1.339260 0.291547 -8.851007
v -6.319481 0.447927 -9.204061
v -5.057877 0.447927 -9.204061
v -4.327389 0.447927 -9.204061
v -3.331352 0.447927 -9.204061
v -2.600861 0.447927 -9.204061
v -1.339260 0.447927 -9.204061
v -6.236473 0.492927 -9.457690
v -5.057877 0.507151 -9.537862
v -4.327389 0.507151 -9.537862
v -3.331352 0.507151 -9.537862
v -2.600861 0.507151 -9.537862
v -1.422264 0.492927 -9.457690
v -5.057877 0.566376 -9.871664
v -4.327389 0.566376 -9.871664
v -3.331352 0.566376 -9.871664
v -2.600861 0.566376 -9.871664
v -5.057877 0.628810 -10.223557
v -4.327389 0.628810 -10.223557
v -3.331352 0.628810 -10.223557
v -2.600861 0.628810 -10.223557
v -4.327389 0.684825 -10.539267
v -3.331352 0.684825 -10.539267
v -5.688679 0.507151 -9.537862
v -5.688679 0.447927 -9.204061
v -5.688679 0.291547 -8.851007
v -1.970058 0.507151 -9.537862
v -1.970058 0.447927 -9.204061
v -1.970058 0.291547 -8.851007
v -6.004078 0.507151 -9.537862
v -6.004078 0.447927 -9.204061
v -6.004078 0.291547 -8.851007
v -1.654659 0.507151 -9.537862
v -1.654659 0.447927 -9.204061
v -1.654659 0.291547 -8.851007
v -6.161777 0.502071 -9.509229
v -6.161777 0.447927 -9.204061
v -6.161777 0.291547 -8.851007
v -1.496956 0.502071 -9.509229
v -1.496956 0.447927 -9.204061
v -1.496956 0.291547 -8.851007
v -6.291813 0.477539 -9.370962
v -6.161777 0.477539 -9.370962
v -6.004078 0.477539 -9.370962
v -5.688679 0.477539 -9.370962
v -5.057877 0.477539 -9.370962
v -4.327389 0.477539 -9.370962
v -3.331352 0.477539 -9.370962
v -2.600861 0.477539 -9.370962
v -1.970058 0.477539 -9.370962
v -1.654659 0.477539 -9.370962
v -1.496956 0.477539 -9.370962
v -1.366924 0.477539 -9.370962
v -5.688679 0.291547 -8.829619
v -5.057877 0.291547 -8.829619
v -5.057877 0.487199 -9.185415
v -5.688679 0.487199 -9.185415
v -4.327389 0.291547 -8.829619
v -4.327389 0.487199 -9.185414
v -3.331352 0.291547 -8.829619
v -3.331352 0.487199 -9.185415
v -2.600861 0.291547 -8.829619
v -2.600861 0.487199 -9.185415
v -1.496956 0.291547 -8.829619
v -1.339260 0.291547 -8.829619
v -1.339260 0.487199 -9.185415
v -1.496956 0.487199 -9.185415
v -5.688679 0.518820 -9.363637
v -5.057877 0.518820 -9.363637
v -5.057877 0.548433 -9.530538
v -5.688679 0.548432 -9.530538
v -4.327389 0.518820 -9.363637
v -4.327389 0.548432 -9.530538
v -3.331352 0.518820 -9.363637
v -3.331352 0.548432 -9.530538
v -2.600861 0.518820 -9.363637
v -2.600861 0.548433 -9.530538
v -1.496956 0.518820 -9.363637
v -1.366924 0.518820 -9.363637
v -1.422264 0.534208 -9.450366
v -1.496956 0.543352 -9.501905
v -4.327389 0.607657 -9.864339
v -5.057877 0.607657 -9.864339
v -3.331352 0.607657 -9.864339
v -2.600861 0.607657 -9.864339
v -4.327389 0.670091 -10.216232
v -5.057877 0.670091 -10.216232
v -3.331352 0.670091 -10.216232
v -2.600861 0.670091 -10.216232
v -4.327389 0.726106 -10.531942
v -3.331352 0.726106 -10.531942
v -6.004078 0.518820 -9.363637
v -6.004078 0.548432 -9.530538
v -6.004078 0.291547 -8.829619
v -6.004078 0.487199 -9.185415
v -1.970058 0.518820 -9.363637
v -1.970058 0.548432 -9.530538
v -1.970058 0.291547 -8.829619
v -1.970058 0.487199 -9.185415
v -6.161777 0.518820 -9.363637
v -6.161777 0.543352 -9.501905
v -6.161777 0.291547 -8.829619
v -6.161777 0.487199 -9.185415
v -1.654659 0.518820 -9.363637
v -1.654659 0.548432 -9.530538
v -1.654659 0.291547 -8.829619
v -1.654659 0.487199 -9.185415
v -6.291813 0.518820 -9.363637
v -6.236473 0.534208 -9.450366
v -6.319481 0.291547 -8.829619
v -6.319481 0.487199 -9.185415
v -3.829372 0.548432 -9.530538
v -3.829372 0.607657 -9.864339
v -3.829372 0.670091 -10.216232
v -3.829372 0.726106 -10.531942
v -3.829372 0.684825 -10.539267
v -3.829372 0.628810 -10.223557
v -3.829372 0.566376 -9.871664
v -3.829372 0.507151 -9.537862
v -3.829372 0.477539 -9.370962
v -3.829372 0.447927 -9.204061
v -3.829372 0.291547 -8.851007
v -3.829372 0.291547 -8.829619
v -3.829372 0.487199 -9.185414
v -3.829372 0.518820 -9.363637
v -6.770012 -0.006550 -1.290218
v -5.794556 -0.006550 -1.284626
v -4.812012 -0.006550 -1.284626
v -3.829372 -0.006550 -1.284626
v -2.846733 -0.006550 -1.284626
v -1.864182 -0.006550 -1.284626
v -0.888721 -0.006550 -1.290218
v -6.774830 -0.006550 -2.592960
v -5.794651 -0.006550 -2.592934
v -4.812012 -0.006550 -2.592934
v -3.829372 -0.006550 -2.592934
v -2.846733 -0.006550 -2.592934
v -1.864094 -0.006550 -2.592934
v -0.883911 -0.006550 -2.592960
v -6.774830 -0.006550 -3.903120
v -5.794651 -0.006550 -3.903120
v -4.812012 -0.006550 -3.903120
v -3.829372 -0.006550 -3.903120
v -2.846733 -0.006550 -3.903120
v -1.864094 -0.006550 -3.903120
v -0.883911 -0.006550 -3.903120
v -6.774830 -0.006550 -5.213305
v -5.794651 -0.006550 -5.213305
v -4.812012 -0.006550 -5.213305
v -3.829372 -0.006550 -5.213305
v -2.846733 -0.006550 -5.213305
v -1.864094 -0.006550 -5.213305
v -0.883911 -0.006550 -5.213305
v -6.774830 -0.006550 -6.523490
v -5.794651 -0.006550 -6.523490
v -4.812012 -0.006550 -6.523490
v -3.829372 -0.006550 -6.523490
v -2.846733 -0.006550 -6.523490
v -1.864094 -0.006550 -6.523490
v -0.883911 -0.006550 -6.523490
v -6.774830 -0.006550 -7.833650
v -5.794651 -0.006550 -7.833676
v -4.812012 -0.006550 -7.833676
v -3.829372 -0.006550 -7.833676
v -2.846733 -0.006550 -7.833676
v -1.864094 -0.006550 -7.833676
v -0.883911 -0.006550 -7.833650
v -6.770012 -0.006550 -9.136392
v -5.794556 -0.006550 -9.141984
v -4.812012 -0.006550 -9.141984
v -3.829372 -0.006550 -9.141984
v -2.846733 -0.006550 -9.141984
v -1.864182 -0.006550 -9.141984
v -0.888721 -0.006550 -9.136392
v -6.770012 0.255487 -1.290218
v -5.794556 0.255487 -1.284626
v -4.812012 0.255487 -1.284626
v -3.829372 0.255487 -1.284626
v -2.846733 0.255487 -1.284626
v -1.864182 0.255487 -1.284626
v -0.888721 0.255487 -1.290218
v -6.774830 0.255487 -2.592960
v -5.794651 0.255487 -2.592934
v -4.812012 0.255487 -2.592934
v -3.829372 0.255487 -2.592934
v -2.846733 0.255487 -2.592934
v -1.864094 0.255487 -2.592934
v -0.883911 0.255487 -2.592960
v -6.774830 0.255487 -3.903120
v -5.794651 0.255487 -3.903120
v -4.812012 0.255487 -3.903120
v -3.829372 0.255487 -3.903120
v -2.846733 0.255487 -3.903120
v -1.864094 0.255487 -3.903120
v -0.883911 0.255487 -3.903120
v -6.774830 0.255487 -5.213305
v -5.794651 0.255487 -5.213305
v -4.812012 0.255487 -5.213305
v -3.829372 0.255487 -5.213305
v -2.846733 0.255487 -5.213305
v -1.864094 0.255487 -5.213305
v -0.883911 0.255487 -5.213305
v -6.774830 0.255487 -6.523490
v -5.794651 0.255487 -6.523490
v -4.812012 0.255487 -6.523490
v -3.829372 0.255487 -6.523490
v -2.846733 0.255487 -6.523490
v -1.864094 0.255487 -6.523490
v -0.883911 0.255487 -6.523490
v -6.774830 0.255487 -7.833650
v -5.794651 0.255487 -7.833676
v -4.812012 0.255487 -7.833676
v -3.829372 0.255487 -7.833676
v -2.846733 0.255487 -7.833676
v -1.864094 0.255487 -7.833676
v -0.883911 0.255487 -7.833650
v -6.770012 0.255487 -9.136392
v -5.794556 0.255487 -9.141984
v -4.812012 0.255487 -9.141984
v -3.829372 0.255487 -9.141984
v -2.846733 0.255487 -9.141984
v -1.864182 0.255487 -9.141984
v -0.888721 0.255487 -9.136392
v -7.369530 -0.003639 -0.476778
v -7.665253 0.034392 -0.247316
v -6.741951 -0.004913 -0.185791
v -6.742077 0.034392 0.001744
v -7.592377 -0.004913 -1.323474
v -7.686501 0.034392 -1.327285
v -5.794098 -0.004913 -0.147602
v -5.794556 0.034392 0.001744
v -4.812012 -0.004913 -0.147602
v -4.812012 0.034392 0.001744
v -3.829372 -0.004913 -0.147602
v -3.829372 0.034392 0.001744
v -2.846733 -0.004913 -0.147602
v -2.846733 0.034392 0.001744
v -1.864639 -0.004913 -0.147602
v -1.864182 0.034392 0.001744
v -0.916786 -0.004913 -0.185791
v -0.916668 0.034392 0.001744
v -0.289204 -0.003639 -0.476777
v 0.006512 0.034392 -0.247316
v -0.066364 -0.004913 -1.323474
v 0.027763 0.034392 -1.327285
v -7.622360 -0.004913 -2.593087
v -7.686501 0.034392 -2.592960
v -0.036381 -0.004913 -2.593087
v 0.027763 0.034392 -2.592960
v -7.622360 -0.004913 -3.903120
v -7.686501 0.034392 -3.903120
v -0.036381 -0.004913 -3.903120
v 0.027763 0.034392 -3.903120
v -7.622360 -0.004913 -5.213305
v -7.686501 0.034392 -5.213305
v -0.036381 -0.004913 -5.213305
v 0.027763 0.034392 -5.213305
v -7.622360 -0.004913 -6.523490
v -7.686501 0.034392 -6.523490
v -0.036381 -0.004913 -6.523490
v 0.027763 0.034392 -6.523490
v -7.622360 -0.004913 -7.833523
v -7.686501 0.034392 -7.833650
v -0.036381 -0.004913 -7.833523
v 0.027763 0.034392 -7.833650
v -7.592377 -0.004913 -9.103136
v -7.686501 0.034392 -9.099325
v -0.066364 -0.004913 -9.103136
v 0.027763 0.034392 -9.099325
v -7.369530 -0.003639 -9.949833
v -7.672215 0.034392 -10.023716
v -0.289204 -0.003639 -9.949833
v 0.013474 0.034392 -10.023716
v -6.741951 -0.004913 -10.240819
v -6.742077 0.034392 -10.428353
v -5.794098 -0.004913 -10.279008
v -5.794556 0.034392 -10.428354
v -4.812012 -0.004913 -10.279008
v -4.812012 0.034392 -10.428354
v -3.829372 -0.004913 -10.279008
v -3.829372 0.034392 -10.428354
v -2.846733 -0.004913 -10.279008
v -2.846733 0.034392 -10.428354
v -1.864639 -0.004913 -10.279008
v -1.864182 0.034392 -10.428354
v -0.916786 -0.004913 -10.240819
v -0.916668 0.034392 -10.428353
v -7.665253 0.214544 -0.247316
v -7.369530 0.252576 -0.476777
v -6.741951 0.253849 -0.185791
v -6.742077 0.214544 0.001744
v -7.686501 0.214544 -1.327285
v -7.592377 0.253849 -1.323474
v -5.794098 0.253849 -0.147602
v -5.794556 0.214544 0.001744
v -4.812012 0.253849 -0.147602
v -4.812012 0.214544 0.001744
v -3.829372 0.253849 -0.147602
v -3.829372 0.214544 0.001744
v -2.846733 0.253849 -0.147602
v -2.846733 0.214544 0.001744
v -1.864639 0.253849 -0.147602
v -1.864182 0.214544 0.001744
v -0.916786 0.253849 -0.185791
v -0.916668 0.214544 0.001744
v -0.289204 0.252576 -0.476777
v 0.006512 0.214544 -0.247316
v -0.066364 0.253849 -1.323474
v 0.027763 0.214544 -1.327285
v -7.686501 0.214544 -2.592960
v -7.622360 0.253849 -2.593087
v -0.036381 0.253849 -2.593087
v 0.027763 0.214544 -2.592960
v -7.686501 0.214544 -3.903120
v -7.622360 0.253849 -3.903120
v -0.036381 0.253849 -3.903120
v 0.027763 0.214544 -3.903120
v -7.686501 0.214544 -5.213305
v -7.622360 0.253849 -5.213305
v -0.036381 0.253849 -5.213305
v 0.027763 0.214544 -5.213305
v -7.686501 0.214544 -6.523490
v -7.622360 0.253849 -6.523490
v -0.036381 0.253849 -6.523490
v 0.027763 0.214544 -6.523490
v -7.686501 0.214544 -7.833650
v -7.622360 0.253849 -7.833523
v -0.036381 0.253849 -7.833523
v 0.027763 0.214544 -7.833650
v -7.686501 0.214544 -9.099325
v -7.592377 0.253849 -9.103136
v -0.066364 0.253849 -9.103136
v 0.027763 0.214544 -9.099325
v -6.742077 0.214544 -10.428353
v -6.741951 0.253849 -10.240819
v -7.369530 0.252576 -9.949833
v -7.672215 0.214544 -10.023716
v -5.794556 0.214544 -10.428354
v -5.794098 0.253849 -10.279008
v -4.812012 0.214544 -10.428354
v -4.812012 0.253849 -10.279008
v -3.829372 0.214544 -10.428354
v -3.829372 0.253849 -10.279008
v -2.846733 0.214544 -10.428354
v -2.846733 0.253849 -10.279008
v -1.864182 0.214544 -10.428354
v -1.864639 0.253849 -10.279008
v -0.916668 0.214544 -10.428353
v -0.916786 0.253849 -10.240819
v -0.289204 0.252576 -9.949833
v 0.013474 0.214544 -10.023716
v -7.686501 0.000000 -7.833574
v -7.622360 -0.004913 -7.178583
v -0.036381 -0.004913 -7.178583
v 0.027763 0.000000 -7.833574
v 0.027763 0.034392 -7.178583
v -7.686501 0.034392 -8.488667
v -7.686501 0.000000 -9.098435
v -7.622360 -0.004913 -8.488157
v -0.036381 -0.004913 -8.488157
v 0.027763 0.000000 -9.098435
v 0.027763 0.034392 -8.488667
v -7.686501 0.034392 -9.621321
v -7.665691 0.000000 -10.020345
v -7.502434 -0.004913 -9.639112
v -0.156307 -0.004913 -9.639112
v 0.006958 0.000000 -10.020345
v 0.027763 0.034392 -9.621321
v -7.276257 0.034392 -10.405849
v -6.739605 0.000000 -10.428353
v -7.138260 -0.004913 -10.126248
v -0.520485 -0.004913 -10.126248
v -0.919132 0.000000 -10.428353
v -0.382481 0.034392 -10.405849
v -6.285603 0.034392 -10.428354
v -5.794281 0.000000 -10.428354
v -6.283772 -0.004913 -10.279009
v -5.303326 0.034392 -10.428354
v -4.812012 0.000000 -10.428354
v -5.303326 -0.004913 -10.279009
v -4.320686 0.034392 -10.428354
v -3.829372 0.000000 -10.428354
v -4.320686 -0.004913 -10.279009
v -3.338055 0.034392 -10.428354
v -2.846733 0.000000 -10.428354
v -3.338055 -0.004913 -10.279009
v -2.355415 0.034392 -10.428354
v -1.864456 0.000000 -10.428354
v -2.355415 -0.004913 -10.279009
v -1.373142 0.034392 -10.428354
v -1.374966 -0.004913 -10.279009
v -7.658745 0.248937 -0.250688
v -7.502434 0.253849 -0.787498
v -7.686501 0.248937 -1.328175
v -7.686501 0.214544 -0.805289
v -7.346470 0.214544 0.004544
v -6.739605 0.248937 0.001744
v -7.138260 0.253849 -0.300362
v -6.285603 0.214544 0.001744
v -5.794281 0.248937 0.001744
v -6.283772 0.253849 -0.147601
v -7.622360 0.253849 -1.938453
v -7.686501 0.248937 -2.593036
v -7.686501 0.214544 -1.937943
v -5.303326 0.214544 0.001744
v -4.812012 0.248937 0.001744
v -5.303326 0.253849 -0.147601
v -4.320686 0.214544 0.001744
v -3.829372 0.248937 0.001744
v -4.320686 0.253849 -0.147601
v -3.338055 0.214544 0.001744
v -2.846733 0.248937 0.001744
v -3.338055 0.253849 -0.147601
v -2.355415 0.214544 0.001744
v -1.864456 0.248937 0.001744
v -2.355415 0.253849 -0.147601
v -1.373142 0.214544 0.001744
v -0.919132 0.248937 0.001744
v -1.374966 0.253849 -0.147601
v -0.312267 0.214544 0.004544
v 0.000000 0.248937 -0.250688
v -0.520485 0.253849 -0.300362
v 0.027763 0.214544 -0.805289
v 0.027763 0.248937 -1.328175
v -0.156307 0.253849 -0.787498
v 0.027763 0.214544 -1.937943
v 0.027763 0.248937 -2.593036
v -0.036381 0.253849 -1.938453
v -7.622360 0.253849 -3.248027
v -7.686501 0.248937 -3.903120
v -7.686501 0.214544 -3.248027
v 0.027763 0.214544 -3.248027
v 0.027763 0.248937 -3.903120
v -0.036381 0.253849 -3.248027
v -7.622360 0.253849 -4.558212
v -7.686501 0.248937 -5.213305
v -7.686501 0.214544 -4.558212
v 0.027763 0.214544 -4.558212
v 0.027763 0.248937 -5.213305
v -0.036381 0.253849 -4.558212
v -7.622360 0.253849 -5.868398
v -7.686501 0.248937 -6.523490
v -7.686501 0.214544 -5.868398
v 0.027763 0.214544 -5.868398
v 0.027763 0.248937 -6.523490
v -0.036381 0.253849 -5.868398
v -7.622360 0.253849 -7.178583
v -7.686501 0.248937 -7.833574
v -7.686501 0.214544 -7.178583
v 0.027763 0.214544 -7.178583
v 0.027763 0.248937 -7.833574
v -0.036381 0.253849 -7.178583
v -7.622360 0.253849 -8.488157
v -7.686501 0.248937 -9.098435
v -7.686501 0.214544 -8.488667
v 0.027763 0.214544 -8.488667
v 0.027763 0.248937 -9.098435
v -0.036381 0.253849 -8.488157
v -7.502434 0.253849 -9.639112
v -7.665691 0.248937 -10.020345
v -7.686501 0.214544 -9.621321
v 0.027763 0.214544 -9.621321
v 0.006958 0.248937 -10.020345
v -0.156307 0.253849 -9.639112
v -6.739605 0.248937 -10.428353
v -6.283772 0.253849 -10.279009
v -5.794281 0.248937 -10.428354
v -6.285603 0.214544 -10.428354
v -7.276257 0.214544 -10.405849
v -7.138260 0.253849 -10.126248
v -5.303326 0.253849 -10.279009
v -4.812012 0.248937 -10.428354
v -5.303326 0.214544 -10.428354
v -4.320686 0.253849 -10.279009
v -3.829372 0.248937 -10.428354
v -4.320686 0.214544 -10.428354
v -3.338055 0.253849 -10.279009
v -2.846733 0.248937 -10.428354
v -3.338055 0.214544 -10.428354
v -2.355415 0.253849 -10.279009
v -1.864456 0.248937 -10.428354
v -2.355415 0.214544 -10.428354
v -1.374966 0.253849 -10.279009
v -0.919132 0.248937 -10.428353
v -1.373142 0.214544 -10.428354
v -0.520485 0.253849 -10.126248
v -0.382481 0.214544 -10.405849
v -6.755573 0.255487 -0.657024
v -7.241352 0.255487 -1.306994
v -5.794281 0.255487 -0.635166
v -4.812012 0.255487 -0.635166
v -3.829372 0.255487 -0.635166
v -2.846733 0.255487 -0.635166
v -1.864456 0.255487 -0.635166
v -0.903168 0.255487 -0.657024
v -0.417381 0.255487 -1.306994
v -7.258778 0.255487 -2.593036
v -0.399963 0.255487 -2.593036
v -7.258778 0.255487 -3.903120
v -0.399963 0.255487 -3.903120
v -7.258778 0.255487 -5.213305
v -0.399963 0.255487 -5.213305
v -7.258778 0.255487 -6.523490
v -0.399963 0.255487 -6.523490
v -7.258778 0.255487 -7.833574
v -0.399963 0.255487 -7.833574
v -7.241352 0.255487 -9.119616
v -0.417381 0.255487 -9.119616
v -6.755573 0.255487 -9.769586
v -5.794281 0.255487 -9.791444
v -4.812012 0.255487 -9.791444
v -3.829372 0.255487 -9.791444
v -2.846733 0.255487 -9.791444
v -1.864456 0.255487 -9.791444
v -0.903168 0.255487 -9.769586
v -7.241352 -0.006550 -1.306994
v -6.755573 -0.006550 -0.657024
v -5.794281 -0.006550 -0.635166
v -4.812012 -0.006550 -0.635166
v -3.829372 -0.006550 -0.635166
v -2.846733 -0.006550 -0.635166
v -1.864456 -0.006550 -0.635166
v -0.903168 -0.006550 -0.657024
v -0.417381 -0.006550 -1.306994
v -7.258778 -0.006550 -2.593036
v -0.399963 -0.006550 -2.593036
v -7.258778 -0.006550 -3.903120
v -0.399963 -0.006550 -3.903120
v -7.258778 -0.006550 -5.213305
v -0.399963 -0.006550 -5.213305
v -7.258778 -0.006550 -6.523490
v -0.399963 -0.006550 -6.523490
v -7.258778 -0.006550 -7.833574
v -0.399963 -0.006550 -7.833574
v -7.241352 -0.006550 -9.119616
v -0.417381 -0.006550 -9.119616
v -6.755573 -0.006550 -9.769586
v -5.794281 -0.006550 -9.791444
v -4.812012 -0.006550 -9.791444
v -3.829372 -0.006550 -9.791444
v -2.846733 -0.006550 -9.791444
v -1.864456 -0.006550 -9.791444
v -0.903168 -0.006550 -9.769586
v -6.742893 0.124468 0.001744
v -7.667423 0.124468 -0.246193
v -7.686501 0.124468 -1.326988
v -5.794651 0.124468 0.001744
v -4.812012 0.124468 0.001744
v -3.829372 0.124468 0.001744
v -2.846733 0.124468 0.001744
v -1.864094 0.124468 0.001744
v -0.915848 0.124468 0.001744
v 0.008686 0.124468 -0.246193
v 0.027763 0.124468 -1.326988
v -7.686501 0.124468 -2.592934
v 0.027763 0.124468 -2.592934
v -7.686501 0.124468 -3.903120
v 0.027763 0.124468 -3.903120
v -7.686501 0.124468 -5.213305
v 0.027763 0.124468 -5.213305
v -7.686501 0.124468 -6.523490
v 0.027763 0.124468 -6.523490
v -7.686501 0.124468 -7.833676
v 0.027763 0.124468 -7.833676
v -7.686501 0.124468 -9.099622
v 0.027763 0.124468 -9.099622
v -7.674389 0.124468 -10.024840
v -6.742893 0.124468 -10.428353
v -5.794651 0.124468 -10.428354
v -4.812012 0.124468 -10.428354
v -3.829372 0.124468 -10.428354
v -2.846733 0.124468 -10.428354
v -1.864094 0.124468 -10.428354
v -0.915848 0.124468 -10.428353
v 0.015648 0.124468 -10.024840
v -6.285603 0.255487 -1.284626
v -5.794651 0.255487 -1.937841
v -6.285965 0.255487 -2.592934
v -6.774830 0.255487 -1.937943
v -5.303326 0.255487 -1.284626
v -4.812012 0.255487 -1.937841
v -5.303326 0.255487 -2.592934
v -4.320686 0.255487 -1.284626
v -3.829372 0.255487 -1.937841
v -4.320686 0.255487 -2.592934
v -3.338055 0.255487 -1.284626
v -2.846733 0.255487 -1.937841
v -3.338055 0.255487 -2.592934
v -2.355415 0.255487 -1.284626
v -1.864094 0.255487 -1.937841
v -2.355415 0.255487 -2.592934
v -1.373142 0.255487 -1.284626
v -0.883911 0.255487 -1.937943
v -1.372772 0.255487 -2.592934
v -5.794651 0.255487 -3.248027
v -6.285965 0.255487 -3.903120
v -6.774830 0.255487 -3.248027
v -4.812012 0.255487 -3.248027
v -5.303326 0.255487 -3.903120
v -3.829372 0.255487 -3.248027
v -4.320686 0.255487 -3.903120
v -2.846733 0.255487 -3.248027
v -3.338055 0.255487 -3.903120
v -1.864094 0.255487 -3.248027
v -2.355415 0.255487 -3.903120
v -0.883911 0.255487 -3.248027
v -1.372772 0.255487 -3.903120
v -5.794651 0.255487 -4.558212
v -6.285965 0.255487 -5.213305
v -6.774830 0.255487 -4.558212
v -4.812012 0.255487 -4.558212
v -5.303326 0.255487 -5.213305
v -3.829372 0.255487 -4.558212
v -4.320686 0.255487 -5.213305
v -2.846733 0.255487 -4.558212
v -3.338055 0.255487 -5.213305
v -1.864094 0.255487 -4.558212
v -2.355415 0.255487 -5.213305
v -0.883911 0.255487 -4.558212
v -1.372772 0.255487 -5.213305
v -5.794651 0.255487 -5.868398
v -6.285965 0.255487 -6.523490
v -6.774830 0.255487 -5.868398
v -4.812012 0.255487 -5.868398
v -5.303326 0.255487 -6.523490
v -3.829372 0.255487 -5.868398
v -4.320686 0.255487 -6.523490
v -2.846733 0.255487 -5.868398
v -3.338055 0.255487 -6.523490
v -1.864094 0.255487 -5.868398
v -2.355415 0.255487 -6.523490
v -0.883911 0.255487 -5.868398
v -1.372772 0.255487 -6.523490
v -5.794651 0.255487 -7.178583
v -6.285965 0.255487 -7.833676
v -6.774830 0.255487 -7.178583
v -4.812012 0.255487 -7.178583
v -5.303326 0.255487 -7.833676
v -3.829372 0.255487 -7.178583
v -4.320686 0.255487 -7.833676
v -2.846733 0.255487 -7.178583
v -3.338055 0.255487 -7.833676
v -1.864094 0.255487 -7.178583
v -2.355415 0.255487 -7.833676
v -0.883911 0.255487 -7.178583
v -1.372772 0.255487 -7.833676
v -5.794651 0.255487 -8.488769
v -6.285603 0.255487 -9.141984
v -6.774830 0.255487 -8.488667
v -4.812012 0.255487 -8.488769
v -5.303326 0.255487 -9.141984
v -3.829372 0.255487 -8.488769
v -4.320686 0.255487 -9.141984
v -2.846733 0.255487 -8.488769
v -3.338055 0.255487 -9.141984
v -1.864094 0.255487 -8.488769
v -2.355415 0.255487 -9.141984
v -0.883911 0.255487 -8.488667
v -1.373142 0.255487 -9.141984
v -6.774830 -0.006550 -1.937943
v -6.285965 -0.006550 -2.592934
v -5.794651 -0.006550 -1.937841
v -6.285603 -0.006550 -1.284626
v -5.303326 -0.006550 -2.592934
v -4.812012 -0.006550 -1.937841
v -5.303326 -0.006550 -1.284626
v -4.320686 -0.006550 -2.592934
v -3.829372 -0.006550 -1.937841
v -4.320686 -0.006550 -1.284626
v -3.338055 -0.006550 -2.592934
v -2.846733 -0.006550 -1.937841
v -3.338055 -0.006550 -1.284626
v -2.355415 -0.006550 -2.592934
v -1.864094 -0.006550 -1.937841
v -2.355415 -0.006550 -1.284626
v -1.372772 -0.006550 -2.592934
v -0.883911 -0.006550 -1.937943
v -1.373142 -0.006550 -1.284626
v -6.774830 -0.006550 -3.248027
v -6.285965 -0.006550 -3.903120
v -5.794651 -0.006550 -3.248027
v -5.303326 -0.006550 -3.903120
v -4.812012 -0.006550 -3.248027
v -4.320686 -0.006550 -3.903120
v -3.829372 -0.006550 -3.248027
v -3.338055 -0.006550 -3.903120
v -2.846733 -0.006550 -3.248027
v -2.355415 -0.006550 -3.903120
v -1.864094 -0.006550 -3.248027
v -1.372772 -0.006550 -3.903120
v -0.883911 -0.006550 -3.248027
v -6.774830 -0.006550 -4.558212
v -6.285965 -0.006550 -5.213305
v -5.794651 -0.006550 -4.558212
v -5.303326 -0.006550 -5.213305
v -4.812012 -0.006550 -4.558212
v -4.320686 -0.006550 -5.213305
v -3.829372 -0.006550 -4.558212
v -3.338055 -0.006550 -5.213305
v -2.846733 -0.006550 -4.558212
v -2.355415 -0.006550 -5.213305
v -1.864094 -0.006550 -4.558212
v -1.372772 -0.006550 -5.213305
v -0.883911 -0.006550 -4.558212
v -6.774830 -0.006550 -5.868398
v -6.285965 -0.006550 -6.523490
v -5.794651 -0.006550 -5.868398
v -5.303326 -0.006550 -6.523490
v -4.812012 -0.006550 -5.868398
v -4.320686 -0.006550 -6.523490
v -3.829372 -0.006550 -5.868398
v -3.338055 -0.006550 -6.523490
v -2.846733 -0.006550 -5.868398
v -2.355415 -0.006550 -6.523490
v -1.864094 -0.006550 -5.868398
v -1.372772 -0.006550 -6.523490
v -0.883911 -0.006550 -5.868398
v -6.774830 -0.006550 -7.178583
v -6.285965 -0.006550 -7.833676
v -5.794651 -0.006550 -7.178583
v -5.303326 -0.006550 -7.833676
v -4.812012 -0.006550 -7.178583
v -4.320686 -0.006550 -7.833676
v -3.829372 -0.006550 -7.178583
v -3.338055 -0.006550 -7.833676
v -2.846733 -0.006550 -7.178583
v -2.355415 -0.006550 -7.833676
v -1.864094 -0.006550 -7.178583
v -1.372772 -0.006550 -7.833676
v -0.883911 -0.006550 -7.178583
v -6.774830 -0.006550 -8.488667
v -6.285603 -0.006550 -9.141984
v -5.794651 -0.006550 -8.488769
v -5.303326 -0.006550 -9.141984
v -4.812012 -0.006550 -8.488769
v -4.320686 -0.006550 -9.141984
v -3.829372 -0.006550 -8.488769
v -3.338055 -0.006550 -9.141984
v -2.846733 -0.006550 -8.488769
v -2.355415 -0.006550 -9.141984
v -1.864094 -0.006550 -8.488769
v -1.373142 -0.006550 -9.141984
v -0.883911 -0.006550 -8.488667
v -7.658745 0.000000 -0.250688
v -7.686501 0.034392 -0.805289
v -7.686501 0.000000 -1.328175
v -7.502434 -0.004913 -0.787498
v -7.138260 -0.004913 -0.300362
v -6.739605 0.000000 0.001744
v -7.346470 0.034392 0.004544
v -6.283772 -0.004913 -0.147601
v -5.794281 0.000000 0.001744
v -6.285603 0.034392 0.001744
v -7.686501 0.034392 -1.937943
v -7.686501 0.000000 -2.593036
v -7.622360 -0.004913 -1.938453
v -5.303326 -0.004913 -0.147601
v -4.812012 0.000000 0.001744
v -5.303326 0.034392 0.001744
v -4.320686 -0.004913 -0.147601
v -3.829372 0.000000 0.001744
v -4.320686 0.034392 0.001744
v -3.338055 -0.004913 -0.147601
v -2.846733 0.000000 0.001744
v -3.338055 0.034392 0.001744
v -2.355415 -0.004913 -0.147601
v -1.864456 0.000000 0.001744
v -2.355415 0.034392 0.001744
v -1.374966 -0.004913 -0.147601
v -0.919132 0.000000 0.001744
v -1.373142 0.034392 0.001744
v -0.520485 -0.004913 -0.300362
v 0.000000 0.000000 -0.250688
v -0.312267 0.034392 0.004544
v -0.156307 -0.004913 -0.787498
v 0.027763 0.000000 -1.328175
v 0.027763 0.034392 -0.805289
v -0.036381 -0.004913 -1.938453
v 0.027763 0.000000 -2.593036
v 0.027763 0.034392 -1.937943
v -7.686501 0.034392 -3.248027
v -7.686501 0.000000 -3.903120
v -7.622360 -0.004913 -3.248027
v -0.036381 -0.004913 -3.248027
v 0.027763 0.000000 -3.903120
v 0.027763 0.034392 -3.248027
v -7.686501 0.034392 -4.558212
v -7.686501 0.000000 -5.213305
v -7.622360 -0.004913 -4.558212
v -0.036381 -0.004913 -4.558212
v 0.027763 0.000000 -5.213305
v 0.027763 0.034392 -4.558212
v -7.686501 0.034392 -5.868398
v -7.686501 0.000000 -6.523490
v -7.622360 -0.004913 -5.868398
v -0.036381 -0.004913 -5.868398
v 0.027763 0.000000 -6.523490
v 0.027763 0.034392 -5.868398
v -7.686501 0.034392 -7.178583
v -6.285965 0.255487 -1.937841
v -5.303326 0.255487 -1.937841
v -4.320686 0.255487 -1.937841
v -3.338055 0.255487 -1.937841
v -2.355415 0.255487 -1.937841
v -1.372772 0.255487 -1.937841
v -6.285965 0.255487 -3.248027
v -5.303326 0.255487 -3.248027
v -4.320686 0.255487 -3.248027
v -3.338055 0.255487 -3.248027
v -2.355415 0.255487 -3.248027
v -1.372772 0.255487 -3.248027
v -6.285965 0.255487 -4.558212
v -5.303326 0.255487 -4.558212
v -4.320686 0.255487 -4.558212
v -3.338055 0.255487 -4.558212
v -2.355415 0.255487 -4.558212
v -1.372772 0.255487 -4.558212
v -6.285965 0.255487 -5.868398
v -5.303326 0.255487 -5.868398
v -4.320686 0.255487 -5.868398
v -3.338055 0.255487 -5.868398
v -2.355415 0.255487 -5.868398
v -1.372772 0.255487 -5.868398
v -6.285965 0.255487 -7.178583
v -5.303326 0.255487 -7.178583
v -4.320686 0.255487 -7.178583
v -3.338055 0.255487 -7.178583
v -2.355415 0.255487 -7.178583
v -1.372772 0.255487 -7.178583
v -6.285965 0.255487 -8.488769
v -5.303326 0.255487 -8.488769
v -4.320686 0.255487 -8.488769
v -3.338055 0.255487 -8.488769
v -2.355415 0.255487 -8.488769
v -1.372772 0.255487 -8.488769
v -6.285965 -0.006550 -1.937841
v -5.303326 -0.006550 -1.937841
v -4.320686 -0.006550 -1.937841
v -3.338055 -0.006550 -1.937841
v -2.355415 -0.006550 -1.937841
v -1.372772 -0.006550 -1.937841
v -6.285965 -0.006550 -3.248027
v -5.303326 -0.006550 -3.248027
v -4.320686 -0.006550 -3.248027
v -3.338055 -0.006550 -3.248027
v -2.355415 -0.006550 -3.248027
v -1.372772 -0.006550 -3.248027
v -6.285965 -0.006550 -4.558212
v -5.303326 -0.006550 -4.558212
v -4.320686 -0.006550 -4.558212
v -3.338055 -0.006550 -4.558212
v -2.355415 -0.006550 -4.558212
v -1.372772 -0.006550 -4.558212
v -6.285965 -0.006550 -5.868398
v -5.303326 -0.006550 -5.868398
v -4.320686 -0.006550 -5.868398
v -3.338055 -0.006550 -5.868398
v -2.355415 -0.006550 -5.868398
v -1.372772 -0.006550 -5.868398
v -6.285965 -0.006550 -7.178583
v -5.303326 -0.006550 -7.178583
v -4.320686 -0.006550 -7.178583
v -3.338055 -0.006550 -7.178583
v -2.355415 -0.006550 -7.178583
v -1.372772 -0.006550 -7.178583
v -6.285965 -0.006550 -8.488769
v -5.303326 -0.006550 -8.488769
v -4.320686 -0.006550 -8.488769
v -3.338055 -0.006550 -8.488769
v -2.355415 -0.006550 -8.488769
v -1.372772 -0.006550 -8.488769
v -7.686501 0.000000 -0.807323
v -7.341805 0.000000 0.000000
v -6.284500 0.000000 0.001744
v -7.686501 0.000000 -1.938249
v -5.303326 0.000000 0.001744
v -4.320686 0.000000 0.001744
v -3.338055 0.000000 0.001744
v -2.355415 0.000000 0.001744
v -1.374241 0.000000 0.001744
v -0.316933 0.000000 0.000000
v 0.027763 0.000000 -0.807323
v 0.027763 0.000000 -1.938249
v -7.686501 0.000000 -3.248027
v 0.027763 0.000000 -3.248027
v -7.686501 0.000000 -4.558212
v 0.027763 0.000000 -4.558212
v -7.686501 0.000000 -5.868398
v 0.027763 0.000000 -5.868398
v -7.686501 0.000000 -7.178583
v 0.027763 0.000000 -7.178583
v -7.686501 0.000000 -8.488361
v 0.027763 0.000000 -8.488361
v -7.686501 0.000000 -9.619287
v 0.027763 0.000000 -9.619287
v -7.271683 0.000000 -10.401305
v -0.387058 0.000000 -10.401305
v -6.284500 0.000000 -10.428354
v -5.303326 0.000000 -10.428354
v -4.320686 0.000000 -10.428354
v -3.338055 0.000000 -10.428354
v -2.355415 0.000000 -10.428354
v -1.374241 0.000000 -10.428354
v -7.686501 0.248937 -0.807323
v -7.341805 0.248937 0.000000
v -6.284500 0.248937 0.001744
v -7.686501 0.248937 -1.938249
v -5.303326 0.248937 0.001744
v -4.320686 0.248937 0.001744
v -3.338055 0.248937 0.001744
v -2.355415 0.248937 0.001744
v -1.374241 0.248937 0.001744
v -0.316933 0.248937 0.000000
v 0.027763 0.248937 -0.807323
v 0.027763 0.248937 -1.938249
v -7.686501 0.248937 -3.248027
v 0.027763 0.248937 -3.248027
v -7.686501 0.248937 -4.558212
v 0.027763 0.248937 -4.558212
v -7.686501 0.248937 -5.868398
v 0.027763 0.248937 -5.868398
v -7.686501 0.248937 -7.178583
v 0.027763 0.248937 -7.178583
v -7.686501 0.248937 -8.488361
v 0.027763 0.248937 -8.488361
v -7.686501 0.248937 -9.619287
v 0.027763 0.248937 -9.619287
v -6.284500 0.248937 -10.428354
v -7.271690 0.248937 -10.401305
v -5.303326 0.248937 -10.428354
v -4.320686 0.248937 -10.428354
v -3.338055 0.248937 -10.428354
v -2.355415 0.248937 -10.428354
v -1.374241 0.248937 -10.428354
v -0.387058 0.248937 -10.401305
v -7.189079 0.255487 -0.722600
v -6.284500 0.255487 -0.635166
v -5.303326 0.255487 -0.635166
v -4.320686 0.255487 -0.635166
v -3.338055 0.255487 -0.635166
v -2.355415 0.255487 -0.635166
v -1.374241 0.255487 -0.635166
v -0.469666 0.255487 -0.722600
v -7.258778 0.255487 -1.938249
v -0.399963 0.255487 -1.938249
v -7.258778 0.255487 -3.248027
v -0.399963 0.255487 -3.248027
v -7.258778 0.255487 -4.558212
v -0.399963 0.255487 -4.558212
v -7.258778 0.255487 -5.868398
v -0.399963 0.255487 -5.868398
v -7.258778 0.255487 -7.178583
v -0.399963 0.255487 -7.178583
v -7.258778 0.255487 -8.488361
v -0.399963 0.255487 -8.488361
v -7.189079 0.255487 -9.704010
v -6.284500 0.255487 -9.791444
v -5.303326 0.255487 -9.791444
v -4.320686 0.255487 -9.791444
v -3.338055 0.255487 -9.791444
v -2.355415 0.255487 -9.791444
v -1.374241 0.255487 -9.791444
v -0.469666 0.255487 -9.704010
v -7.189079 -0.006550 -0.722600
v -6.284500 -0.006550 -0.635166
v -5.303326 -0.006550 -0.635166
v -4.320686 -0.006550 -0.635166
v -3.338055 -0.006550 -0.635166
v -2.355415 -0.006550 -0.635166
v -1.374241 -0.006550 -0.635166
v -0.469666 -0.006550 -0.722600
v -7.258778 -0.006550 -1.938249
v -0.399963 -0.006550 -1.938249
v -7.258778 -0.006550 -3.248027
v -0.399963 -0.006550 -3.248027
v -7.258778 -0.006550 -4.558212
v -0.399963 -0.006550 -4.558212
v -7.258778 -0.006550 -5.868398
v -0.399963 -0.006550 -5.868398
v -7.258778 -0.006550 -7.178583
v -0.399963 -0.006550 -7.178583
v -7.258778 -0.006550 -8.488361
v -0.399963 -0.006550 -8.488361
v -7.189079 -0.006550 -9.704010
v -6.284500 -0.006550 -9.791444
v -5.303326 -0.006550 -9.791444
v -4.320686 -0.006550 -9.791444
v -3.338055 -0.006550 -9.791444
v -2.355415 -0.006550 -9.791444
v -1.374241 -0.006550 -9.791444
v -0.469666 -0.006550 -9.704010
v -7.348026 0.124468 0.006058
v -7.686501 0.124468 -0.804612
v -6.285965 0.124468 0.001744
v -5.303326 0.124468 0.001744
v -4.320686 0.124468 0.001744
v -3.338055 0.124468 0.001744
v -2.355415 0.124468 0.001744
v -1.372772 0.124468 0.001744
v -0.310719 0.124468 0.006058
v 0.027763 0.124468 -0.804611
v -7.686501 0.124468 -1.937841
v 0.027763 0.124468 -1.937841
v -7.686501 0.124468 -3.248027
v 0.027763 0.124468 -3.248027
v -7.686501 0.124468 -4.558212
v 0.027763 0.124468 -4.558212
v -7.686501 0.124468 -5.868398
v 0.027763 0.124468 -5.868398
v -7.686501 0.124468 -7.178583
v 0.027763 0.124468 -7.178583
v -7.686501 0.124468 -8.488769
v 0.027763 0.124468 -8.488769
v -7.277775 0.124468 -10.407363
v -7.686501 0.124468 -9.621999
v -6.285965 0.124468 -10.428354
v -5.303326 0.124468 -10.428354
v -4.320686 0.124468 -10.428354
v -3.338055 0.124468 -10.428354
v -2.355415 0.124468 -10.428354
v -1.372772 0.124468 -10.428354
v 0.027763 0.124468 -9.621998
v -0.380966 0.124468 -10.407363
vt 0.017716 0.000000
vt 0.094710 0.003079
vt 0.171704 0.006158
vt 0.248697 0.009237
vt 0.325691 0.012316
vt 0.016635 0.027040
vt 0.093629 0.030119
vt 0.170622 0.033198
vt 0.247616 0.036277
vt 0.324610 0.039356
vt 0.015527 0.054743
vt 0.092521 0.057822
vt 0.169515 0.060901
vt 0.246508 0.063980
vt 0.323502 0.067059
vt 0.014419 0.082446
vt 0.091413 0.085525
vt 0.168407 0.088604
vt 0.245400 0.091683
vt 0.322394 0.094762
vt 0.013309 0.110202
vt 0.090303 0.113281
vt 0.167297 0.116360
vt 0.244290 0.119439
vt 0.321284 0.122518
vt 0.012200 0.137959
vt 0.089193 0.141038
vt 0.166187 0.144117
vt 0.243180 0.147196
vt 0.320174 0.150275
vt 0.011092 0.165662
vt 0.088085 0.168741
vt 0.165079 0.171820
vt 0.242073 0.174899
vt 0.319066 0.177978
vt 0.009984 0.193365
vt 0.086977 0.196444
vt 0.163971 0.199523
vt 0.240965 0.202602
vt 0.317958 0.205681
vt 0.008876 0.221068
vt 0.085870 0.224147
vt 0.162863 0.227226
vt 0.239857 0.230305
vt 0.316850 0.233384
vt 0.007764 0.248886
vt 0.084757 0.251965
vt 0.161751 0.255044
vt 0.238744 0.258123
vt 0.315738 0.261202
vt 0.006651 0.276704
vt 0.083645 0.279783
vt 0.160638 0.282862
vt 0.237632 0.285941
vt 0.314626 0.289020
vt 0.005543 0.304407
vt 0.082537 0.307486
vt 0.159530 0.310565
vt 0.236524 0.313644
vt 0.313518 0.316723
vt 0.004435 0.332110
vt 0.081429 0.335189
vt 0.158423 0.338268
vt 0.235416 0.341347
vt 0.312410 0.344426
vt 0.003328 0.359813
vt 0.080321 0.362892
vt 0.157315 0.365971
vt 0.234309 0.369050
vt 0.311302 0.372129
vt 0.002220 0.387516
vt 0.079213 0.390595
vt 0.156207 0.393674
vt 0.233201 0.396753
vt 0.310194 0.399832
vt 0.001111 0.415245
vt 0.078104 0.418324
vt 0.155098 0.421403
vt 0.232092 0.424482
vt 0.309085 0.427561
vt 0.000000 0.443025
vt 0.076994 0.446104
vt 0.153987 0.449183
vt 0.230981 0.452262
vt 0.307974 0.455341
vt 0.454385 0.313094
vt 0.454617 0.267686
vt 0.483846 0.267836
vt 0.483614 0.313244
vt 0.454887 0.215102
vt 0.484116 0.215251
vt 0.455071 0.179252
vt 0.484300 0.179401
vt 0.455254 0.143401
vt 0.455524 0.090817
vt 0.484753 0.090967
vt 0.484484 0.143551
vt 0.455931 0.011352
vt 0.455990 0.000000
vt 0.485219 0.000150
vt 0.485161 0.011502
vt 0.496643 0.313311
vt 0.496876 0.267903
vt 0.509078 0.267965
vt 0.508846 0.313374
vt 0.497146 0.215318
vt 0.509348 0.215381
vt 0.497330 0.179468
vt 0.509532 0.179531
vt 0.497513 0.143618
vt 0.497783 0.091033
vt 0.509985 0.091096
vt 0.509715 0.143681
vt 0.498190 0.011568
vt 0.498238 0.002208
vt 0.504559 0.006224
vt 0.508299 0.011620
vt 0.533752 0.215506
vt 0.533482 0.268090
vt 0.533936 0.179656
vt 0.534389 0.091221
vt 0.534119 0.143806
vt 0.559479 0.215638
vt 0.559209 0.268222
vt 0.559663 0.179788
vt 0.560116 0.091353
vt 0.559846 0.143938
vt 0.582560 0.215756
vt 0.582744 0.179906
vt 0.582928 0.144056
vt 0.496527 0.336015
vt 0.508729 0.336078
vt 0.454268 0.335799
vt 0.483497 0.335948
vt 0.498016 0.045625
vt 0.510218 0.045687
vt 0.455757 0.045408
vt 0.484986 0.045558
vt 0.496469 0.347367
vt 0.506578 0.347419
vt 0.454210 0.347151
vt 0.483439 0.347300
vt 0.498132 0.022921
vt 0.510334 0.022983
vt 0.455873 0.022704
vt 0.485102 0.022854
vt 0.496421 0.356728
vt 0.502782 0.352777
vt 0.454152 0.358503
vt 0.483381 0.358653
vt 0.452481 0.315421
vt 0.424479 0.315495
vt 0.424359 0.269749
vt 0.452361 0.269676
vt 0.424220 0.216775
vt 0.452223 0.216701
vt 0.424126 0.180659
vt 0.452128 0.180586
vt 0.452034 0.144469
vt 0.424031 0.144543
vt 0.423893 0.091568
vt 0.451895 0.091495
vt 0.451686 0.011440
vt 0.423683 0.011513
vt 0.423654 0.000077
vt 0.451656 0.000004
vt 0.412186 0.315527
vt 0.399893 0.315559
vt 0.399774 0.269813
vt 0.412066 0.269781
vt 0.399635 0.216839
vt 0.411928 0.216807
vt 0.399541 0.180723
vt 0.411833 0.180691
vt 0.411739 0.144575
vt 0.399446 0.144607
vt 0.399308 0.091632
vt 0.411600 0.091600
vt 0.411391 0.011545
vt 0.401207 0.011572
vt 0.404989 0.006146
vt 0.411366 0.002116
vt 0.375189 0.269878
vt 0.375050 0.216903
vt 0.374956 0.180787
vt 0.374861 0.144671
vt 0.374723 0.091696
vt 0.349271 0.269946
vt 0.349133 0.216971
vt 0.349038 0.180855
vt 0.348944 0.144739
vt 0.348805 0.091764
vt 0.325880 0.217032
vt 0.325785 0.180916
vt 0.325691 0.144800
vt 0.412246 0.338399
vt 0.399953 0.338431
vt 0.452541 0.338294
vt 0.424539 0.338367
vt 0.399188 0.045887
vt 0.411481 0.045855
vt 0.423773 0.045822
vt 0.451776 0.045749
vt 0.412276 0.349836
vt 0.402092 0.349862
vt 0.452571 0.349730
vt 0.424568 0.349803
vt 0.399128 0.023014
vt 0.411421 0.022982
vt 0.423713 0.022950
vt 0.451716 0.022877
vt 0.412301 0.359266
vt 0.405902 0.355269
vt 0.452601 0.361167
vt 0.424598 0.361240
vt 0.453912 0.269672
vt 0.454032 0.315417
vt 0.453774 0.216697
vt 0.453679 0.180581
vt 0.453446 0.091491
vt 0.453585 0.144465
vt 0.453207 0.000000
vt 0.453237 0.011436
vt 0.938946 0.050896
vt 0.948987 0.025607
vt 0.951803 0.026812
vt 0.939005 0.052402
vt 0.938556 0.000000
vt 0.938778 0.046221
vt 0.935706 0.046236
vt 0.935484 0.000015
vt 0.950675 0.013623
vt 0.951697 0.006364
vt 0.954623 0.006776
vt 0.953600 0.014035
vt 0.952594 0.000000
vt 0.955519 0.000412
vt 0.971944 0.025220
vt 0.967565 0.000541
vt 0.970617 0.000000
vt 0.974996 0.024679
vt 0.955519 0.050695
vt 0.959898 0.026017
vt 0.962950 0.026558
vt 0.958571 0.051237
vt 0.976560 0.051236
vt 0.979612 0.050695
vt 0.964513 0.000000
vt 0.967565 0.000541
vt 0.921395 0.128135
vt 0.921433 0.185121
vt 0.918438 0.185123
vt 0.918401 0.128137
vt 0.921372 0.092561
vt 0.918377 0.092563
vt 0.921310 0.000000
vt 0.921348 0.056986
vt 0.918353 0.056988
vt 0.918315 0.000002
vt 0.938889 0.069331
vt 0.935817 0.069346
vt 0.454092 0.338290
vt 0.935279 0.034878
vt 0.935008 0.081099
vt 0.931936 0.081081
vt 0.932207 0.034860
vt 0.453327 0.045745
vt 0.938946 0.081081
vt 0.935874 0.081096
vt 0.454122 0.349726
vt 0.935415 0.011768
vt 0.932343 0.011750
vt 0.453267 0.022873
vt 0.997114 0.051227
vt 0.995740 0.044949
vt 0.998626 0.044317
vt 1.000000 0.050596
vt 0.994173 0.037788
vt 0.997059 0.037157
vt 0.454152 0.361163
vt 0.991586 0.025966
vt 0.979667 0.001506
vt 0.979612 0.000000
vt 0.994304 0.024552
vt 0.935484 0.000018
vt 0.932412 0.000000
vt 0.775426 0.027159
vt 0.785608 0.027041
vt 0.785600 0.040771
vt 0.775325 0.040774
vt 0.795929 0.027041
vt 0.795927 0.040771
vt 0.795927 0.054541
vt 0.785600 0.054541
vt 0.775325 0.054541
vt 0.806254 0.027041
vt 0.806255 0.040771
vt 0.816581 0.027041
vt 0.816582 0.040771
vt 0.816582 0.054541
vt 0.806255 0.054541
vt 0.826909 0.027041
vt 0.826909 0.040771
vt 0.837236 0.027041
vt 0.837236 0.040771
vt 0.837236 0.054540
vt 0.826909 0.054540
vt 0.847563 0.027041
vt 0.847563 0.040771
vt 0.857890 0.027040
vt 0.857890 0.040771
vt 0.857890 0.054540
vt 0.847563 0.054540
vt 0.868217 0.027040
vt 0.868217 0.040771
vt 0.878543 0.027040
vt 0.878545 0.040771
vt 0.878545 0.054540
vt 0.868217 0.054540
vt 0.888864 0.027040
vt 0.888872 0.040770
vt 0.899046 0.027158
vt 0.899147 0.040773
vt 0.899147 0.054540
vt 0.888872 0.054540
vt 0.785600 0.068310
vt 0.775325 0.068311
vt 0.795927 0.068310
vt 0.795927 0.082080
vt 0.785600 0.082080
vt 0.775325 0.082080
vt 0.806255 0.068310
vt 0.816582 0.068310
vt 0.816582 0.082080
vt 0.806255 0.082080
vt 0.826909 0.068310
vt 0.837236 0.068310
vt 0.837236 0.082080
vt 0.826909 0.082080
vt 0.847563 0.068310
vt 0.857890 0.068310
vt 0.857891 0.082079
vt 0.847563 0.082079
vt 0.868218 0.068310
vt 0.878545 0.068310
vt 0.878545 0.082079
vt 0.868218 0.082079
vt 0.888872 0.068310
vt 0.899148 0.068309
vt 0.899148 0.082079
vt 0.888872 0.082079
vt 0.785600 0.095850
vt 0.775325 0.095850
vt 0.795927 0.095849
vt 0.795928 0.109619
vt 0.785601 0.109619
vt 0.775325 0.109619
vt 0.806255 0.095849
vt 0.816582 0.095849
vt 0.816582 0.109619
vt 0.806255 0.109619
vt 0.826909 0.095849
vt 0.837236 0.095849
vt 0.837236 0.109619
vt 0.826909 0.109619
vt 0.847563 0.095849
vt 0.857891 0.095849
vt 0.857891 0.109619
vt 0.847564 0.109619
vt 0.868218 0.095849
vt 0.878545 0.095849
vt 0.878545 0.109618
vt 0.868218 0.109618
vt 0.888872 0.095849
vt 0.899148 0.095849
vt 0.899148 0.109618
vt 0.888873 0.109618
vt 0.785601 0.123389
vt 0.775325 0.123389
vt 0.795928 0.123389
vt 0.795928 0.137158
vt 0.785601 0.137158
vt 0.775325 0.137158
vt 0.806255 0.123389
vt 0.816582 0.123388
vt 0.816582 0.137158
vt 0.806255 0.137158
vt 0.826909 0.123388
vt 0.837237 0.123388
vt 0.837237 0.137158
vt 0.826910 0.137158
vt 0.847564 0.123388
vt 0.857891 0.123388
vt 0.857891 0.137158
vt 0.847564 0.137158
vt 0.868218 0.123388
vt 0.878545 0.123388
vt 0.878545 0.137157
vt 0.868218 0.137158
vt 0.888873 0.123388
vt 0.899148 0.123388
vt 0.899148 0.137157
vt 0.888873 0.137157
vt 0.785601 0.150928
vt 0.775325 0.150928
vt 0.795928 0.150928
vt 0.795928 0.164697
vt 0.785601 0.164697
vt 0.775326 0.164697
vt 0.806255 0.150928
vt 0.816582 0.150928
vt 0.816583 0.164697
vt 0.806255 0.164697
vt 0.826910 0.150927
vt 0.837237 0.150927
vt 0.837237 0.164697
vt 0.826910 0.164697
vt 0.847564 0.150927
vt 0.857891 0.150927
vt 0.857891 0.164697
vt 0.847564 0.164697
vt 0.868218 0.150927
vt 0.878546 0.150927
vt 0.878546 0.164697
vt 0.868218 0.164697
vt 0.888873 0.150927
vt 0.899148 0.150927
vt 0.899148 0.164696
vt 0.888873 0.164696
vt 0.785601 0.178467
vt 0.775326 0.178465
vt 0.795928 0.178467
vt 0.795931 0.192197
vt 0.785609 0.192197
vt 0.775427 0.192080
vt 0.806256 0.178467
vt 0.816583 0.178467
vt 0.816583 0.192197
vt 0.806256 0.192197
vt 0.826910 0.178467
vt 0.837237 0.178467
vt 0.837237 0.192197
vt 0.826910 0.192197
vt 0.847564 0.178466
vt 0.857891 0.178466
vt 0.857891 0.192197
vt 0.847564 0.192197
vt 0.868218 0.178466
vt 0.878546 0.178466
vt 0.878544 0.192196
vt 0.868219 0.192196
vt 0.888873 0.178466
vt 0.899148 0.178464
vt 0.899047 0.192079
vt 0.888865 0.192196
vt 0.613270 0.192081
vt 0.613169 0.178466
vt 0.623444 0.178468
vt 0.623452 0.192198
vt 0.613168 0.164698
vt 0.623444 0.164698
vt 0.633771 0.164698
vt 0.633771 0.178468
vt 0.633773 0.192198
vt 0.644099 0.178468
vt 0.644099 0.192198
vt 0.644098 0.164698
vt 0.654425 0.164698
vt 0.654426 0.178467
vt 0.654426 0.192198
vt 0.664753 0.178467
vt 0.664753 0.192197
vt 0.664753 0.164698
vt 0.675080 0.164697
vt 0.675080 0.178467
vt 0.675080 0.192197
vt 0.685407 0.178467
vt 0.685407 0.192197
vt 0.685407 0.164697
vt 0.695734 0.164697
vt 0.695734 0.178467
vt 0.695734 0.192197
vt 0.706061 0.178466
vt 0.706062 0.192197
vt 0.706061 0.164697
vt 0.716388 0.164697
vt 0.716388 0.178466
vt 0.716387 0.192196
vt 0.726716 0.178466
vt 0.726708 0.192196
vt 0.726716 0.164696
vt 0.736991 0.164696
vt 0.736991 0.178464
vt 0.736890 0.192078
vt 0.613168 0.150929
vt 0.623444 0.150929
vt 0.613168 0.137159
vt 0.623443 0.137159
vt 0.633770 0.137159
vt 0.633771 0.150929
vt 0.644098 0.150928
vt 0.644098 0.137159
vt 0.654425 0.137159
vt 0.654425 0.150928
vt 0.664752 0.150928
vt 0.664752 0.137158
vt 0.675079 0.137158
vt 0.675079 0.150928
vt 0.685406 0.150928
vt 0.685406 0.137158
vt 0.695733 0.137158
vt 0.695734 0.150927
vt 0.706061 0.150927
vt 0.706061 0.137158
vt 0.716388 0.137158
vt 0.716388 0.150927
vt 0.726715 0.150927
vt 0.726715 0.137157
vt 0.736991 0.137157
vt 0.736991 0.150927
vt 0.613167 0.123390
vt 0.623443 0.123390
vt 0.613167 0.109620
vt 0.623443 0.109620
vt 0.633770 0.109620
vt 0.633770 0.123389
vt 0.644097 0.123389
vt 0.644097 0.109620
vt 0.654424 0.109620
vt 0.654424 0.123389
vt 0.664752 0.123389
vt 0.664752 0.109619
vt 0.675079 0.109619
vt 0.675079 0.123389
vt 0.685406 0.123389
vt 0.685406 0.109619
vt 0.695733 0.109619
vt 0.695733 0.123388
vt 0.706060 0.123388
vt 0.706060 0.109619
vt 0.716387 0.109618
vt 0.716388 0.123388
vt 0.726715 0.123388
vt 0.726715 0.109618
vt 0.736990 0.109618
vt 0.736990 0.123388
vt 0.613167 0.095851
vt 0.623443 0.095850
vt 0.613167 0.082081
vt 0.623442 0.082081
vt 0.633769 0.082081
vt 0.633770 0.095850
vt 0.644097 0.095850
vt 0.644097 0.082081
vt 0.654424 0.082080
vt 0.654424 0.095850
vt 0.664751 0.095850
vt 0.664751 0.082080
vt 0.675078 0.082080
vt 0.675078 0.095850
vt 0.685405 0.095849
vt 0.685405 0.082080
vt 0.695733 0.082080
vt 0.695733 0.095849
vt 0.706060 0.095849
vt 0.706060 0.082079
vt 0.716387 0.082079
vt 0.716387 0.095849
vt 0.726714 0.095849
vt 0.726714 0.082079
vt 0.736990 0.082079
vt 0.736990 0.095848
vt 0.613167 0.068312
vt 0.623442 0.068311
vt 0.613166 0.054543
vt 0.623442 0.054542
vt 0.633769 0.054542
vt 0.633769 0.068311
vt 0.644096 0.068311
vt 0.644096 0.054541
vt 0.654423 0.054541
vt 0.654424 0.068311
vt 0.664751 0.068311
vt 0.664751 0.054541
vt 0.675078 0.054541
vt 0.675078 0.068310
vt 0.685405 0.068310
vt 0.685405 0.054541
vt 0.695732 0.054540
vt 0.695732 0.068310
vt 0.706059 0.068310
vt 0.706059 0.054540
vt 0.716386 0.054540
vt 0.716387 0.068310
vt 0.726714 0.068310
vt 0.726714 0.054540
vt 0.736989 0.054540
vt 0.736989 0.068309
vt 0.613166 0.040775
vt 0.623442 0.040772
vt 0.613267 0.027160
vt 0.623449 0.027042
vt 0.633771 0.027042
vt 0.633769 0.040772
vt 0.644096 0.040772
vt 0.644096 0.027042
vt 0.654423 0.027041
vt 0.654423 0.040772
vt 0.664750 0.040771
vt 0.664750 0.027041
vt 0.675077 0.027041
vt 0.675077 0.040771
vt 0.685405 0.040771
vt 0.685404 0.027041
vt 0.695732 0.027041
vt 0.695732 0.040771
vt 0.706059 0.040771
vt 0.706059 0.027041
vt 0.716384 0.027040
vt 0.716386 0.040771
vt 0.726713 0.040770
vt 0.726705 0.027040
vt 0.736887 0.027158
vt 0.736989 0.040772
vt 0.600669 0.209179
vt 0.594589 0.213931
vt 0.594005 0.202231
vt 0.597875 0.202648
vt 0.583384 0.008415
vt 0.584108 0.008409
vt 0.584074 0.019956
vt 0.583362 0.019996
vt 0.584054 0.030760
vt 0.583342 0.030777
vt 0.594003 0.191283
vt 0.595985 0.191382
vt 0.583383 0.000000
vt 0.584108 0.000013
vt 0.605530 0.212887
vt 0.601251 0.219201
vt 0.613860 0.215295
vt 0.613909 0.219238
vt 0.922162 0.147876
vt 0.921433 0.147778
vt 0.921440 0.135121
vt 0.922163 0.135173
vt 0.921440 0.125556
vt 0.922163 0.125579
vt 0.623491 0.216097
vt 0.623475 0.219238
vt 0.633783 0.216097
vt 0.633779 0.219238
vt 0.921440 0.115253
vt 0.922163 0.115258
vt 0.594002 0.178460
vt 0.595354 0.178456
vt 0.584028 0.043398
vt 0.583316 0.043402
vt 0.584000 0.056953
vt 0.583288 0.056953
vt 0.594002 0.164697
vt 0.595354 0.164696
vt 0.921440 0.104934
vt 0.922163 0.104934
vt 0.644099 0.216097
vt 0.644099 0.219238
vt 0.654426 0.216097
vt 0.654426 0.219238
vt 0.921440 0.094607
vt 0.922163 0.094607
vt 0.921440 0.084281
vt 0.922163 0.084281
vt 0.664753 0.216097
vt 0.664753 0.219238
vt 0.675081 0.216097
vt 0.675081 0.219238
vt 0.921440 0.073955
vt 0.922163 0.073955
vt 0.921441 0.063628
vt 0.922163 0.063628
vt 0.685408 0.216097
vt 0.685408 0.219237
vt 0.695735 0.216096
vt 0.695735 0.219237
vt 0.921441 0.053302
vt 0.922164 0.053302
vt 0.921441 0.042975
vt 0.922164 0.042975
vt 0.706062 0.216096
vt 0.706062 0.219237
vt 0.716378 0.216096
vt 0.716382 0.219237
vt 0.921441 0.032656
vt 0.922164 0.032651
vt 0.921441 0.022353
vt 0.922164 0.022330
vt 0.726671 0.216096
vt 0.726686 0.219236
vt 0.736301 0.215293
vt 0.736252 0.219236
vt 0.921441 0.012788
vt 0.922164 0.012736
vt 0.921435 0.000131
vt 0.922164 0.000033
vt 0.744631 0.212884
vt 0.748910 0.219198
vt 0.749492 0.209176
vt 0.755572 0.213929
vt 0.589306 0.222102
vt 0.588581 0.222113
vt 0.588608 0.213699
vt 0.589332 0.213706
vt 0.588622 0.202117
vt 0.589333 0.202159
vt 0.752285 0.202645
vt 0.756156 0.202229
vt 0.754176 0.191379
vt 0.756157 0.191280
vt 0.588636 0.191336
vt 0.589347 0.191356
vt 0.588648 0.178711
vt 0.589360 0.178718
vt 0.754806 0.178453
vt 0.756158 0.178457
vt 0.754806 0.164693
vt 0.756158 0.164694
vt 0.588662 0.165160
vt 0.589374 0.165162
vt 0.594001 0.150929
vt 0.595353 0.150929
vt 0.583972 0.070510
vt 0.583260 0.070508
vt 0.583944 0.084067
vt 0.583232 0.084066
vt 0.594001 0.137160
vt 0.595353 0.137160
vt 0.588676 0.151605
vt 0.589388 0.151606
vt 0.754805 0.150927
vt 0.756158 0.150927
vt 0.754805 0.137157
vt 0.756157 0.137157
vt 0.588689 0.138048
vt 0.589401 0.138049
vt 0.594001 0.123390
vt 0.595353 0.123390
vt 0.583916 0.097624
vt 0.583204 0.097623
vt 0.583888 0.111182
vt 0.583176 0.111180
vt 0.594000 0.109621
vt 0.595353 0.109621
vt 0.588703 0.124491
vt 0.589415 0.124491
vt 0.754805 0.123387
vt 0.756157 0.123387
vt 0.754805 0.109618
vt 0.756157 0.109618
vt 0.588717 0.110934
vt 0.589429 0.110934
vt 0.594000 0.095851
vt 0.595352 0.095851
vt 0.583860 0.124739
vt 0.583148 0.124737
vt 0.583832 0.138296
vt 0.583120 0.138295
vt 0.594000 0.082081
vt 0.595352 0.082081
vt 0.588731 0.097376
vt 0.589442 0.097377
vt 0.754804 0.095848
vt 0.756157 0.095848
vt 0.754804 0.082079
vt 0.756156 0.082079
vt 0.588744 0.083819
vt 0.589456 0.083820
vt 0.594000 0.068312
vt 0.595352 0.068312
vt 0.583804 0.151853
vt 0.583092 0.151852
vt 0.583776 0.165410
vt 0.583064 0.165407
vt 0.594000 0.054544
vt 0.595352 0.054545
vt 0.588758 0.070262
vt 0.589470 0.070263
vt 0.754804 0.068309
vt 0.756156 0.068309
vt 0.754804 0.054543
vt 0.756156 0.054541
vt 0.588772 0.056707
vt 0.589483 0.056706
vt 0.593999 0.040781
vt 0.595352 0.040786
vt 0.583748 0.178966
vt 0.583036 0.178958
vt 0.583721 0.191603
vt 0.583010 0.191583
vt 0.594000 0.027958
vt 0.595982 0.027859
vt 0.588785 0.043156
vt 0.589497 0.043151
vt 0.754803 0.040783
vt 0.756155 0.040778
vt 0.754173 0.027856
vt 0.756154 0.027955
vt 0.588798 0.030531
vt 0.589510 0.030513
vt 0.594002 0.017010
vt 0.597872 0.016593
vt 0.583696 0.202407
vt 0.582984 0.202365
vt 0.583688 0.210732
vt 0.582963 0.210727
vt 0.594440 0.008580
vt 0.600665 0.010062
vt 0.588805 0.019749
vt 0.589517 0.019709
vt 0.752282 0.016591
vt 0.756153 0.017007
vt 0.749489 0.010059
vt 0.755714 0.008577
vt 0.588811 0.011387
vt 0.589535 0.011384
vt 0.602721 0.000572
vt 0.605526 0.006354
vt 0.583652 0.222112
vt 0.582928 0.222111
vt 0.931926 0.144837
vt 0.931196 0.144929
vt 0.931197 0.133693
vt 0.931919 0.133641
vt 0.613905 0.000002
vt 0.613856 0.003946
vt 0.588810 0.000003
vt 0.589534 0.000004
vt 0.744627 0.006352
vt 0.747432 0.000569
vt 0.736297 0.003944
vt 0.736248 0.000000
vt 0.931207 0.000031
vt 0.931936 0.000123
vt 0.931928 0.011319
vt 0.931206 0.011267
vt 0.623471 0.000002
vt 0.623487 0.003143
vt 0.931197 0.124100
vt 0.931920 0.124076
vt 0.931198 0.113780
vt 0.931921 0.113774
vt 0.633776 0.000002
vt 0.633780 0.003142
vt 0.644095 0.000001
vt 0.644095 0.003142
vt 0.931199 0.103456
vt 0.931922 0.103456
vt 0.931199 0.093131
vt 0.931922 0.093131
vt 0.654422 0.000001
vt 0.654422 0.003142
vt 0.664750 0.000001
vt 0.664750 0.003142
vt 0.931200 0.082805
vt 0.931923 0.082805
vt 0.931201 0.072480
vt 0.931924 0.072480
vt 0.675077 0.000001
vt 0.675077 0.003142
vt 0.685404 0.000001
vt 0.685404 0.003141
vt 0.931202 0.062154
vt 0.931925 0.062155
vt 0.931203 0.051829
vt 0.931925 0.051829
vt 0.695731 0.000000
vt 0.695731 0.003141
vt 0.706058 0.000000
vt 0.706058 0.003141
vt 0.931203 0.041504
vt 0.931926 0.041504
vt 0.931204 0.031180
vt 0.931927 0.031186
vt 0.716378 0.000000
vt 0.716374 0.003141
vt 0.726682 0.000000
vt 0.726667 0.003141
vt 0.931205 0.020860
vt 0.931928 0.020883
vt 0.587822 0.008417
vt 0.588546 0.008425
vt 0.588520 0.020007
vt 0.587808 0.019964
vt 0.756744 0.005308
vt 0.762824 0.010061
vt 0.760031 0.016592
vt 0.756160 0.017009
vt 0.758140 0.027858
vt 0.756159 0.027957
vt 0.588494 0.030788
vt 0.587783 0.030768
vt 0.763406 0.000039
vt 0.767685 0.006353
vt 0.587857 0.000021
vt 0.588581 0.000011
vt 0.926678 0.147778
vt 0.925949 0.147876
vt 0.925949 0.135173
vt 0.926672 0.135121
vt 0.776064 0.000001
vt 0.776015 0.003945
vt 0.785630 0.000001
vt 0.785646 0.003142
vt 0.925949 0.125579
vt 0.926672 0.125556
vt 0.925949 0.115258
vt 0.926672 0.115253
vt 0.795934 0.000001
vt 0.795938 0.003142
vt 0.588468 0.043413
vt 0.587756 0.043405
vt 0.757510 0.040784
vt 0.756158 0.040780
vt 0.757510 0.054544
vt 0.756158 0.054543
vt 0.588440 0.056964
vt 0.587728 0.056961
vt 0.806254 0.000001
vt 0.806254 0.003141
vt 0.925949 0.104934
vt 0.926672 0.104934
vt 0.925949 0.094607
vt 0.926672 0.094608
vt 0.816581 0.000000
vt 0.816581 0.003141
vt 0.826908 0.000000
vt 0.826908 0.003141
vt 0.925950 0.084281
vt 0.926672 0.084281
vt 0.925950 0.073955
vt 0.926673 0.073955
vt 0.837235 0.000000
vt 0.837236 0.003141
vt 0.847563 0.000000
vt 0.847563 0.003141
vt 0.925950 0.063628
vt 0.926673 0.063628
vt 0.925950 0.053302
vt 0.926673 0.053302
vt 0.857890 0.000000
vt 0.857890 0.003141
vt 0.868217 0.000000
vt 0.868217 0.003141
vt 0.925950 0.042975
vt 0.926673 0.042975
vt 0.925950 0.032651
vt 0.926673 0.032656
vt 0.878537 0.000000
vt 0.878533 0.003141
vt 0.888841 0.000000
vt 0.888826 0.003141
vt 0.925950 0.022330
vt 0.926673 0.022353
vt 0.925950 0.012736
vt 0.926673 0.012788
vt 0.898407 0.000000
vt 0.898456 0.003944
vt 0.911065 0.000038
vt 0.906786 0.006352
vt 0.925951 0.000033
vt 0.926680 0.000131
vt 0.593779 0.222118
vt 0.593055 0.222106
vt 0.593046 0.213710
vt 0.593770 0.213704
vt 0.917727 0.005307
vt 0.911648 0.010060
vt 0.918311 0.017007
vt 0.914441 0.016591
vt 0.593068 0.202163
vt 0.593779 0.202122
vt 0.593076 0.191359
vt 0.593787 0.191342
vt 0.918313 0.027955
vt 0.916331 0.027857
vt 0.918314 0.040779
vt 0.916962 0.040783
vt 0.593088 0.178722
vt 0.593800 0.178716
vt 0.593102 0.165166
vt 0.593814 0.165165
vt 0.918314 0.054542
vt 0.916962 0.054543
vt 0.588412 0.070519
vt 0.587700 0.070518
vt 0.757510 0.068311
vt 0.756158 0.068311
vt 0.757510 0.082080
vt 0.756158 0.082080
vt 0.588384 0.084076
vt 0.587672 0.084075
vt 0.918314 0.068309
vt 0.916962 0.068309
vt 0.593116 0.151609
vt 0.593827 0.151610
vt 0.593129 0.138052
vt 0.593841 0.138053
vt 0.918315 0.082079
vt 0.916962 0.082079
vt 0.588356 0.097634
vt 0.587644 0.097632
vt 0.757510 0.095850
vt 0.756158 0.095850
vt 0.757510 0.109619
vt 0.756158 0.109619
vt 0.588328 0.111191
vt 0.587616 0.111189
vt 0.918315 0.095848
vt 0.916962 0.095848
vt 0.593143 0.124495
vt 0.593855 0.124496
vt 0.593157 0.110938
vt 0.593869 0.110939
vt 0.918315 0.109618
vt 0.916963 0.109618
vt 0.588300 0.124748
vt 0.587588 0.124746
vt 0.757510 0.123389
vt 0.756158 0.123389
vt 0.757511 0.137159
vt 0.756159 0.137159
vt 0.588272 0.138305
vt 0.587560 0.138304
vt 0.918315 0.123388
vt 0.916963 0.123388
vt 0.593171 0.097381
vt 0.593882 0.097382
vt 0.593184 0.083824
vt 0.593896 0.083824
vt 0.918315 0.137157
vt 0.916963 0.137157
vt 0.588244 0.151862
vt 0.587532 0.151861
vt 0.757511 0.150928
vt 0.756159 0.150928
vt 0.757511 0.164695
vt 0.756159 0.164696
vt 0.588216 0.165418
vt 0.587504 0.165418
vt 0.918315 0.150927
vt 0.916963 0.150927
vt 0.593198 0.070267
vt 0.593910 0.070267
vt 0.593212 0.056710
vt 0.593923 0.056712
vt 0.918315 0.164694
vt 0.916963 0.164693
vt 0.588188 0.178968
vt 0.587476 0.178973
vt 0.757511 0.178454
vt 0.756159 0.178459
vt 0.758142 0.191381
vt 0.756160 0.191282
vt 0.588162 0.191594
vt 0.587450 0.191611
vt 0.918315 0.178457
vt 0.916963 0.178453
vt 0.593225 0.043154
vt 0.593937 0.043161
vt 0.593238 0.030517
vt 0.593950 0.030536
vt 0.918314 0.191281
vt 0.916333 0.191379
vt 0.588143 0.202376
vt 0.587431 0.202415
vt 0.760032 0.202646
vt 0.756162 0.202230
vt 0.762826 0.209178
vt 0.756600 0.210660
vt 0.588129 0.210738
vt 0.587404 0.210740
vt 0.918313 0.202229
vt 0.914442 0.202645
vt 0.593252 0.019713
vt 0.593964 0.019754
vt 0.593251 0.011388
vt 0.593976 0.011392
vt 0.917875 0.210659
vt 0.911649 0.209176
vt 0.927410 0.133693
vt 0.926688 0.133640
vt 0.926688 0.124076
vt 0.927411 0.124099
vt 0.776066 0.219237
vt 0.776017 0.215294
vt 0.785648 0.216097
vt 0.785632 0.219237
vt 0.795940 0.216097
vt 0.795936 0.219237
vt 0.926689 0.113774
vt 0.927412 0.113780
vt 0.764882 0.218668
vt 0.767687 0.212886
vt 0.927409 0.144929
vt 0.926680 0.144837
vt 0.588117 0.222121
vt 0.587393 0.222120
vt 0.926690 0.103456
vt 0.927413 0.103456
vt 0.806256 0.216097
vt 0.806256 0.219237
vt 0.816583 0.216096
vt 0.816583 0.219237
vt 0.926691 0.093131
vt 0.927414 0.093131
vt 0.926691 0.082805
vt 0.927414 0.082805
vt 0.826910 0.216096
vt 0.826910 0.219237
vt 0.837237 0.216096
vt 0.837237 0.219237
vt 0.926692 0.072480
vt 0.927415 0.072480
vt 0.926693 0.062154
vt 0.927416 0.062154
vt 0.847565 0.216096
vt 0.847565 0.219237
vt 0.857892 0.216096
vt 0.857892 0.219237
vt 0.926694 0.051829
vt 0.927417 0.051829
vt 0.926695 0.041503
vt 0.927417 0.041503
vt 0.868219 0.216096
vt 0.868219 0.219237
vt 0.878535 0.216096
vt 0.878539 0.219237
vt 0.926695 0.031185
vt 0.927418 0.031180
vt 0.926696 0.020883
vt 0.927419 0.020860
vt 0.888827 0.216096
vt 0.888843 0.219236
vt 0.898458 0.215293
vt 0.898409 0.219236
vt 0.926697 0.011319
vt 0.927420 0.011267
vt 0.926691 0.000122
vt 0.927420 0.000030
vt 0.906788 0.212884
vt 0.909593 0.218667
vt 0.593275 0.000008
vt 0.593999 0.000009
vt 0.766617 0.015228
vt 0.775729 0.013850
vt 0.765519 0.027512
vt 0.785631 0.013390
vt 0.795935 0.013390
vt 0.806254 0.013390
vt 0.816581 0.013390
vt 0.826909 0.013389
vt 0.837236 0.013389
vt 0.847563 0.013389
vt 0.857890 0.013389
vt 0.868217 0.013389
vt 0.878537 0.013389
vt 0.888841 0.013389
vt 0.898742 0.013849
vt 0.907854 0.015227
vt 0.908953 0.027510
vt 0.765152 0.040780
vt 0.765152 0.054543
vt 0.909319 0.040779
vt 0.909320 0.054542
vt 0.765152 0.068311
vt 0.765153 0.082080
vt 0.909320 0.068309
vt 0.909320 0.082079
vt 0.765153 0.095850
vt 0.765153 0.109619
vt 0.909320 0.095848
vt 0.909320 0.109618
vt 0.765153 0.123389
vt 0.765153 0.137158
vt 0.909320 0.123388
vt 0.909320 0.137157
vt 0.765153 0.150928
vt 0.765153 0.164695
vt 0.909321 0.150927
vt 0.909321 0.164694
vt 0.765154 0.178459
vt 0.765520 0.191727
vt 0.909321 0.178457
vt 0.908955 0.191726
vt 0.766619 0.204010
vt 0.775731 0.205389
vt 0.785632 0.205848
vt 0.795936 0.205848
vt 0.806256 0.205848
vt 0.816583 0.205848
vt 0.826910 0.205848
vt 0.837237 0.205848
vt 0.847564 0.205848
vt 0.857892 0.205848
vt 0.868219 0.205848
vt 0.878538 0.205848
vt 0.888842 0.205847
vt 0.898744 0.205388
vt 0.907856 0.204009
vt 0.604462 0.204012
vt 0.603363 0.191728
vt 0.613574 0.205390
vt 0.623475 0.205849
vt 0.633779 0.205849
vt 0.644099 0.205849
vt 0.654426 0.205849
vt 0.664753 0.205849
vt 0.675080 0.205848
vt 0.685407 0.205848
vt 0.695735 0.205848
vt 0.706062 0.205848
vt 0.716381 0.205848
vt 0.726685 0.205847
vt 0.736587 0.205388
vt 0.745699 0.204009
vt 0.746797 0.191726
vt 0.602996 0.178460
vt 0.602996 0.164697
vt 0.747163 0.178457
vt 0.747163 0.164694
vt 0.602996 0.150929
vt 0.602995 0.137160
vt 0.747163 0.150927
vt 0.747163 0.137157
vt 0.602995 0.123390
vt 0.602995 0.109620
vt 0.747163 0.123387
vt 0.747162 0.109618
vt 0.602995 0.095851
vt 0.602994 0.082081
vt 0.747162 0.095848
vt 0.747162 0.082079
vt 0.602994 0.068312
vt 0.602994 0.054544
vt 0.747162 0.068309
vt 0.747161 0.054542
vt 0.602994 0.040781
vt 0.603360 0.027513
vt 0.747161 0.040779
vt 0.746795 0.027510
vt 0.604458 0.015229
vt 0.613570 0.013851
vt 0.623472 0.013391
vt 0.633776 0.013391
vt 0.644095 0.013390
vt 0.654423 0.013390
vt 0.664750 0.013390
vt 0.675077 0.013390
vt 0.685404 0.013390
vt 0.695731 0.013389
vt 0.706058 0.013389
vt 0.716378 0.013389
vt 0.726682 0.013389
vt 0.736584 0.013848
vt 0.745695 0.015227
vt 0.585982 0.000010
vt 0.585965 0.008411
vt 0.924056 0.135190
vt 0.924056 0.147909
vt 0.585941 0.019949
vt 0.585918 0.030758
vt 0.924056 0.125587
vt 0.924056 0.115260
vt 0.924056 0.104934
vt 0.924056 0.094607
vt 0.924056 0.084281
vt 0.924056 0.073955
vt 0.924057 0.063628
vt 0.924057 0.053302
vt 0.924057 0.042975
vt 0.924057 0.032649
vt 0.924057 0.022322
vt 0.924057 0.012719
vt 0.924057 0.000000
vt 0.591189 0.213710
vt 0.591180 0.222111
vt 0.591200 0.202172
vt 0.591211 0.191364
vt 0.585892 0.043399
vt 0.585864 0.056956
vt 0.591224 0.178722
vt 0.591238 0.165165
vt 0.585836 0.070514
vt 0.585808 0.084071
vt 0.591252 0.151608
vt 0.591265 0.138050
vt 0.585780 0.097628
vt 0.585752 0.111185
vt 0.591279 0.124493
vt 0.591293 0.110936
vt 0.585724 0.124743
vt 0.585696 0.138300
vt 0.591306 0.097379
vt 0.591320 0.083822
vt 0.585668 0.151857
vt 0.585640 0.165414
vt 0.591334 0.070265
vt 0.591348 0.056707
vt 0.585612 0.178972
vt 0.585585 0.191613
vt 0.591361 0.043150
vt 0.591374 0.030509
vt 0.929303 0.144959
vt 0.929304 0.133710
vt 0.585546 0.210737
vt 0.585522 0.222122
vt 0.585563 0.202421
vt 0.929304 0.124107
vt 0.929305 0.113782
vt 0.929306 0.103456
vt 0.929307 0.093131
vt 0.929307 0.082805
vt 0.929308 0.072480
vt 0.929309 0.062154
vt 0.929310 0.051829
vt 0.929310 0.041503
vt 0.929311 0.031178
vt 0.929312 0.020852
vt 0.929313 0.011250
vt 0.591385 0.019701
vt 0.591393 0.011385
vt 0.591405 0.000000
vt 0.929313 0.000000
vn 0.000000 0.996454 -0.084142
vn 0.000000 0.996454 -0.084142
vn 0.000000 0.999134 -0.041599
vn 0.000000 0.999134 -0.041599
vn 0.000000 0.996454 -0.084142
vn 0.000000 0.999134 -0.041599
vn 0.000000 0.996454 -0.084142
vn 0.000000 0.999134 -0.041599
vn 0.000000 0.996454 -0.084142
vn 0.000000 0.999134 -0.041599
vn 0.000000 1.000000 0.000000
vn 0.000000 1.000000 0.000000
vn 0.000000 1.000000 0.000000
vn 0.000000 1.000000 0.000000
vn 0.000000 1.000000 0.000000
vn 0.000000 0.999515 0.031129
vn 0.000000 0.999515 0.031129
vn 0.000000 0.999515 0.031129
vn 0.000000 0.999515 0.031129
vn 0.000000 0.999515 0.031129
vn 0.000000 1.000000 -0.000000
vn 0.000000 1.000000 -0.000000
vn 0.000000 1.000000 -0.000000
vn 0.000000 1.000000 -0.000000
vn 0.000000 1.000000 -0.000000
vn 0.000000 0.999515 -0.031129
vn 0.000000 0.999515 -0.031129
vn 0.000000 0.999515 -0.031129
vn 0.000000 0.999515 -0.031129
vn 0.000000 0.999515 -0.031129
vn 0.000000 1.000000 0.000000
vn 0.000000 1.000000 0.000000
vn 0.000000 1.000000 0.000000
vn 0.000000 1.000000 0.000000
vn 0.000000 1.000000 0.000000
vn 0.000000 1.000000 0.000000
vn 0.000000 1.000000 0.000000
vn 0.000000 1.000000 0.000000
vn 0.000000 1.000000 0.000000
vn 0.000000 1.000000 0.000000
vn 0.000000 0.998958 0.045647
vn 0.000000 0.998958 0.045647
vn 0.000000 0.998958 0.045647
vn 0.000000 0.998958 0.045647
vn 0.000000 0.998958 0.045647
vn 0.000000 1.000000 0.000000
vn 0.000000 1.000000 -0.000000
vn 0.000000 1.000000 0.000000
vn 0.000000 1.000000 -0.000000
vn 0.000000 1.000000 0.000000
vn 0.000000 0.998958 -0.045647
vn 0.000000 0.998958 -0.045647
vn 0.000000 0.998958 -0.045647
vn 0.000000 0.998958 -0.045647
vn 0.000000 0.998958 -0.045647
vn 0.000000 1.000000 0.000000
vn 0.000000 1.000000 0.000000
vn 0.000000 1.000000 0.000000
vn 0.000000 1.000000 0.000000
vn 0.000000 1.000000 0.000000
vn 0.000000 1.000000 0.000000
vn 0.000000 1.000000 0.000000
vn 0.000000 1.000000 0.000000
vn 0.000000 1.000000 0.000000
vn 0.000000 1.000000 0.000000
vn 0.000000 1.000000 0.000000
vn 0.000000 1.000000 0.000000
vn 0.000000 1.000000 0.000000
vn 0.000000 1.000000 0.000000
vn 0.000000 1.000000 0.000000
vn 0.000000 0.999760 0.021894
vn 0.000000 0.999760 0.021894
vn 0.000000 0.999760 0.021894
vn 0.000000 0.999760 0.021894
vn 0.000000 0.999760 0.021894
vn 0.000000 0.998257 0.059009
vn 0.000000 0.998257 0.059009
vn 0.000000 0.998257 0.059009
vn 0.000000 0.998258 0.059009
vn 0.000000 0.998258 0.059009
vn 0.000000 0.997242 0.074221
vn 0.000000 0.997242 0.074221
vn 0.000000 0.997242 0.074221
vn 0.000000 0.997242 0.074221
vn 0.000000 0.997242 0.074221
vn -0.000000 0.876253 0.481852
vn -0.000000 0.876253 0.481852
vn -0.000000 0.920135 0.391601
vn -0.000000 0.920135 0.391601
vn -0.000000 0.876252 0.481852
vn -0.000000 0.920135 0.391601
vn 0.000000 0.876253 0.481852
vn 0.000000 0.920135 0.391601
vn 0.000000 0.876253 0.481852
vn 0.000000 0.876253 0.481852
vn 0.000000 0.920135 0.391601
vn 0.000000 0.920135 0.391601
vn 0.000000 0.876252 0.481852
vn 0.000000 0.876253 0.481852
vn 0.000000 0.914957 0.403550
vn 0.000000 0.918910 0.394468
vn -0.000000 0.984622 0.174696
vn -0.000000 0.984622 0.174696
vn 0.000000 0.984622 0.174696
vn -0.000000 0.984622 0.174696
vn 0.000000 0.984623 0.174696
vn 0.000000 0.984622 0.174696
vn 0.000000 0.984623 0.174695
vn 0.000000 0.984622 0.174696
vn -0.000000 0.984622 0.174696
vn -0.000000 0.984622 0.174696
vn -0.000000 0.984622 0.174696
vn -0.000000 0.984622 0.174696
vn -0.000000 0.984622 0.174696
vn -0.000000 0.984622 0.174697
vn -0.000001 0.984622 0.174697
vn -0.000001 0.984623 0.174695
vn 0.000000 0.984622 0.174696
vn 0.000000 0.984623 0.174696
vn 0.000000 0.984623 0.174696
vn -0.000000 0.984623 0.174696
vn -0.000000 0.984623 0.174696
vn 0.000000 0.984622 0.174696
vn 0.000000 0.984623 0.174696
vn 0.000000 0.984622 0.174696
vn -0.000000 0.984623 0.174696
vn -0.000000 0.984622 0.174696
vn 0.000000 0.984622 0.174697
vn 0.000000 0.984622 0.174697
vn -0.000000 0.984622 0.174697
vn 0.000000 0.984623 0.174696
vn 0.000000 0.984623 0.174695
vn 0.000000 0.876253 0.481852
vn 0.000000 0.920135 0.391601
vn 0.000000 0.984622 0.174696
vn 0.000000 0.984622 0.174696
vn 0.000000 0.876253 0.481852
vn 0.000000 0.920135 0.391601
vn 0.000000 0.984622 0.174696
vn 0.000001 0.984622 0.174696
vn 0.000000 0.876253 0.481852
vn 0.000000 0.918910 0.394468
vn -0.000000 0.984622 0.174696
vn -0.000000 0.984623 0.174695
vn 0.000000 0.876253 0.481852
vn 0.000000 0.920135 0.391601
vn 0.000000 0.984622 0.174696
vn 0.000000 0.984622 0.174696
vn 0.000000 0.876253 0.481852
vn 0.000000 0.914957 0.403551
vn 0.000000 -0.914323 -0.404986
vn 0.000000 -0.941573 -0.336809
vn 0.000000 -0.941573 -0.336809
vn 0.000000 -0.914323 -0.404986
vn 0.000000 -0.941573 -0.336809
vn 0.000000 -0.914323 -0.404986
vn 0.000000 -0.941573 -0.336809
vn 0.000000 -0.914323 -0.404986
vn 0.000000 -0.914323 -0.404986
vn 0.000000 -0.941573 -0.336809
vn 0.000000 -0.941573 -0.336809
vn 0.000000 -0.914323 -0.404986
vn 0.000000 -0.914323 -0.404986
vn 0.000000 -0.940803 -0.338954
vn 0.000000 -0.938206 -0.346079
vn 0.000000 -0.914323 -0.404986
vn 0.000000 -0.984622 -0.174696
vn 0.000000 -0.984622 -0.174696
vn 0.000000 -0.984622 -0.174696
vn 0.000000 -0.984622 -0.174696
vn 0.000000 -0.984622 -0.174696
vn 0.000000 -0.984622 -0.174696
vn 0.000000 -0.984622 -0.174696
vn 0.000000 -0.984622 -0.174696
vn 0.000000 -0.984622 -0.174696
vn 0.000000 -0.984622 -0.174696
vn 0.000000 -0.984622 -0.174696
vn 0.000000 -0.984622 -0.174696
vn 0.000000 -0.984622 -0.174696
vn 0.000000 -0.984622 -0.174697
vn -0.000001 -0.984622 -0.174698
vn -0.000000 -0.984622 -0.174696
vn -0.000000 -0.984623 -0.174696
vn -0.000000 -0.984622 -0.174696
vn 0.000000 -0.984622 -0.174696
vn 0.000000 -0.984622 -0.174696
vn 0.000000 -0.984622 -0.174696
vn -0.000000 -0.984623 -0.174696
vn -0.000000 -0.984623 -0.174696
vn 0.000000 -0.984623 -0.174696
vn 0.000000 -0.984622 -0.174696
vn 0.000000 -0.984623 -0.174696
vn -0.000000 -0.984622 -0.174696
vn 0.000000 -0.984622 -0.174696
vn 0.000000 -0.984622 -0.174696
vn -0.000000 -0.984622 -0.174696
vn -0.000000 -0.984622 -0.174697
vn 0.000000 -0.914323 -0.404986
vn 0.000000 -0.941573 -0.336809
vn 0.000000 -0.984622 -0.174696
vn 0.000000 -0.984622 -0.174696
vn 0.000000 -0.941573 -0.336809
vn 0.000000 -0.914323 -0.404986
vn 0.000000 -0.984622 -0.174696
vn 0.000000 -0.984622 -0.174697
vn 0.000000 -0.914323 -0.404986
vn 0.000000 -0.940803 -0.338955
vn 0.000000 -0.984622 -0.174696
vn 0.000000 -0.984622 -0.174696
vn 0.000000 -0.941573 -0.336809
vn 0.000000 -0.914323 -0.404986
vn 0.000000 -0.984622 -0.174696
vn 0.000001 -0.984622 -0.174697
vn 0.000000 -0.914323 -0.404986
vn 0.000000 -0.938205 -0.346079
vn 0.000000 -1.000000 -0.000005
vn 0.000000 -1.000000 -0.000002
vn 0.000000 -1.000000 -0.000002
vn 0.000000 -1.000000 -0.000005
vn 0.000000 -1.000000 0.000000
vn 0.000000 -1.000000 0.000000
vn 0.000000 -1.000000 0.000000
vn 0.000000 -1.000000 0.000000
vn 0.000000 -1.000000 0.000000
vn -0.000000 -1.000000 -0.000002
vn -0.000000 -1.000000 -0.000002
vn 0.000000 -1.000000 0.000000
vn 0.000000 -1.000000 -0.000009
vn 0.000000 -1.000000 -0.000009
vn 0.000000 -1.000000 -0.000009
vn 0.000000 -1.000000 -0.000009
vn 1.000000 0.000009 0.000000
vn 0.997390 0.022160 -0.068721
vn 0.998198 0.018417 -0.057108
vn 1.000000 0.000009 0.000000
vn 0.000000 0.174694 -0.984623
vn 0.000000 0.174695 -0.984623
vn 0.000000 0.174695 -0.984623
vn 0.000000 0.174694 -0.984623
vn 0.953655 0.066037 -0.293567
vn 0.733744 0.118689 -0.668979
vn 0.733744 0.118689 -0.668979
vn 0.953655 0.066038 -0.293568
vn 0.330663 0.164863 -0.929238
vn 0.330661 0.164863 -0.929238
vn -1.000000 0.000003 0.000000
vn -1.000000 0.000004 0.000000
vn -1.000000 0.000004 0.000000
vn -1.000000 0.000003 0.000000
vn 1.000000 0.000004 0.000000
vn 1.000000 0.000000 0.000000
vn 1.000000 -0.000000 0.000000
vn 1.000000 0.000004 0.000000
vn -1.000000 0.000003 0.000000
vn -1.000000 0.000003 0.000000
vn 1.000000 -0.000004 0.000000
vn 1.000000 -0.000004 0.000000
vn -0.252541 0.169040 -0.952706
vn -0.401926 0.159970 -0.901590
vn -0.401926 0.159970 -0.901590
vn -0.252541 0.169040 -0.952706
vn 0.000000 0.174705 -0.984621
vn 0.000000 0.174705 -0.984621
vn 0.401924 0.159970 -0.901591
vn 0.252539 0.169041 -0.952706
vn 0.252539 0.169040 -0.952706
vn 0.401924 0.159970 -0.901591
vn -0.061352 0.174364 -0.982768
vn -0.061352 0.174364 -0.982768
vn 0.000000 -1.000000 -0.000008
vn 0.000000 -1.000000 -0.000008
vn 0.000000 0.174695 -0.984623
vn 0.000000 0.174694 -0.984623
vn 0.000000 0.174694 -0.984623
vn 0.000000 0.174695 -0.984623
vn -0.000000 -1.000000 -0.000005
vn -0.000000 -1.000000 -0.000005
vn -0.330663 0.164863 -0.929238
vn -0.330661 0.164863 -0.929238
vn 0.000000 -1.000000 -0.000008
vn 0.000000 -1.000000 -0.000008
vn 0.061351 0.174364 -0.982768
vn 0.061352 0.174364 -0.982768
vn 0.000000 -1.000000 -0.000008
vn 0.000000 -1.000000 -0.000008
vn -0.733735 0.118691 -0.668989
vn -0.733735 0.118691 -0.668989
vn -0.953651 0.066040 -0.293578
vn -0.953651 0.066040 -0.293579
vn 0.000000 -1.000000 -0.000008
vn 0.000000 -1.000000 -0.000008
vn -0.997389 0.022154 -0.068730
vn -1.000000 -0.000005 0.000000
vn -1.000000 -0.000005 0.000000
vn -0.998198 0.018409 -0.057115
vn 0.000000 1.000000 -0.000000
vn 0.000000 1.000000 0.000000
vn 0.000000 1.000000 0.000000
vn 0.000000 1.000000 0.000000
vn 0.000000 1.000000 0.000000
vn 0.000000 1.000000 -0.000000
vn 0.000000 1.000000 0.000000
vn 0.000000 1.000000 0.000000
vn 0.000000 1.000000 0.000000
vn 0.000000 1.000000 0.000000
vn 0.000000 1.000000 -0.000000
vn 0.000000 1.000000 0.000000
vn 0.000000 1.000000 0.000000
vn 0.000000 1.000000 0.000000
vn 0.000000 1.000000 0.000000
vn 0.000000 1.000000 0.000000
vn 0.000000 1.000000 0.000000
vn 0.000000 1.000000 0.000000
vn 0.000000 1.000000 0.000000
vn 0.000000 1.000000 0.000000
vn 0.000000 1.000000 0.000000
vn 0.000000 1.000000 0.000000
vn 0.000000 1.000000 0.000000
vn 0.000000 1.000000 0.000000
vn 0.000000 1.000000 0.000000
vn 0.000000 1.000000 0.000000
vn 0.000000 1.000000 0.000000
vn 0.000000 1.000000 -0.000000
vn 0.000000 1.000000 0.000000
vn 0.000000 1.000000 0.000000
vn 0.000000 1.000000 0.000000
vn 0.000000 1.000000 0.000000
vn 0.000000 1.000000 0.000000
vn 0.000000 1.000000 0.000000
vn 0.000000 1.000000 0.000000
vn 0.000000 1.000000 0.000000
vn 0.000000 1.000000 -0.000000
vn 0.000000 1.000000 0.000000
vn 0.000000 1.000000 0.000000
vn 0.000000 1.000000 0.000000
vn 0.000000 1.000000 0.000000
vn 0.000000 1.000000 0.000000
vn 0.000000 1.000000 0.000000
vn 0.000000 1.000000 0.000000
vn 0.000000 1.000000 0.000000
vn 0.000000 1.000000 0.000000
vn 0.000000 1.000000 0.000000
vn 0.000000 1.000000 0.000000
vn 0.000000 1.000000 0.000000
vn 0.000000 1.000000 0.000000
vn 0.000000 1.000000 0.000000
vn 0.000000 1.000000 0.000000
vn 0.000000 1.000000 0.000000
vn 0.000000 1.000000 0.000000
vn 0.000000 1.000000 0.000000
vn 0.000000 1.000000 0.000000
vn 0.000000 1.000000 0.000000
vn 0.000000 1.000000 0.000000
vn 0.000000 1.000000 0.000000
vn 0.000000 1.000000 0.000000
vn 0.000000 1.000000 0.000000
vn 0.000000 1.000000 0.000000
vn 0.000000 1.000000 0.000000
vn 0.000000 1.000000 0.000000
vn 0.000000 1.000000 0.000000
vn 0.000000 1.000000 0.000000
vn 0.000000 1.000000 0.000000
vn 0.000000 1.000000 0.000000
vn 0.000000 1.000000 0.000000
vn 0.000000 1.000000 0.000000
vn 0.000000 1.000000 0.000000
vn 0.000000 1.000000 0.000000
vn 0.000000 1.000000 0.000000
vn 0.000000 1.000000 0.000000
vn 0.000000 1.000000 0.000000
vn 0.000000 1.000000 0.000000
vn 0.000000 1.000000 0.000000
vn 0.000000 1.000000 0.000000
vn 0.000000 1.000000 0.000000
vn 0.000000 1.000000 0.000000
vn 0.000000 1.000000 0.000000
vn 0.000000 1.000000 0.000000
vn 0.000000 1.000000 0.000000
vn 0.000000 1.000000 0.000000
vn 0.000000 1.000000 0.000000
vn 0.000000 1.000000 0.000000
vn 0.000000 1.000000 0.000000
vn 0.000000 1.000000 0.000000
vn 0.000000 1.000000 0.000000
vn 0.000000 1.000000 0.000000
vn 0.000000 1.000000 0.000000
vn 0.000000 1.000000 0.000000
vn 0.000000 1.000000 0.000000
vn 0.000000 1.000000 0.000000
vn 0.000000 1.000000 0.000000
vn 0.000000 1.000000 0.000000
vn 0.000000 1.000000 0.000000
vn 0.000000 1.000000 0.000000
vn 0.000000 1.000000 0.000000
vn 0.000000 1.000000 0.000000
vn 0.000000 1.000000 0.000000
vn 0.000000 1.000000 0.000000
vn 0.000000 1.000000 0.000000
vn 0.000000 1.000000 0.000000
vn 0.000000 1.000000 0.000000
vn 0.000000 1.000000 0.000000
vn 0.000000 1.000000 0.000000
vn 0.000000 1.000000 0.000000
vn 0.000000 1.000000 0.000000
vn 0.000000 1.000000 0.000000
vn 0.000000 1.000000 0.000000
vn 0.000000 1.000000 0.000000
vn 0.000000 1.000000 0.000000
vn 0.000000 1.000000 0.000000
vn 0.000000 1.000000 0.000000
vn 0.000000 1.000000 0.000000
vn 0.000000 1.000000 0.000000
vn 0.000000 1.000000 0.000000
vn 0.000000 1.000000 0.000000
vn 0.000000 1.000000 0.000000
vn 0.000000 1.000000 0.000000
vn 0.000000 1.000000 0.000000
vn 0.000000 1.000000 0.000000
vn 0.000000 1.000000 0.000000
vn 0.000000 1.000000 0.000000
vn 0.000000 1.000000 0.000000
vn 0.000000 1.000000 0.000000
vn 0.000000 1.000000 0.000000
vn 0.000000 1.000000 0.000000
vn 0.000000 1.000000 0.000000
vn 0.000000 1.000000 0.000000
vn 0.000000 1.000000 0.000000
vn 0.000000 1.000000 0.000000
vn 0.000000 1.000000 0.000000
vn 0.000000 1.000000 0.000000
vn 0.000000 1.000000 0.000000
vn 0.000000 1.000000 0.000000
vn 0.000000 1.000000 0.000000
vn 0.000000 1.000000 0.000000
vn 0.000000 1.000000 0.000000
vn 0.000000 1.000000 0.000000
vn 0.000000 1.000000 0.000000
vn 0.000000 1.000000 0.000000
vn 0.000000 1.000000 -0.000000
vn 0.000000 1.000000 -0.000000
vn 0.000000 1.000000 0.000000
vn 0.000000 1.000000 -0.000000
vn 0.000000 1.000000 -0.000000
vn 0.000000 1.000000 0.000000
vn 0.000000 1.000000 0.000000
vn 0.000000 1.000000 0.000000
vn 0.000000 1.000000 0.000000
vn 0.000000 1.000000 -0.000000
vn 0.000000 1.000000 0.000000
vn 0.000000 1.000000 0.000000
vn 0.000000 1.000000 0.000000
vn 0.000000 1.000000 0.000000
vn 0.000000 1.000000 0.000000
vn 0.000000 1.000000 0.000000
vn 0.000000 1.000000 0.000000
vn 0.000000 1.000000 0.000000
vn 0.000000 1.000000 -0.000000
vn 0.000000 1.000000 -0.000000
vn 0.000000 1.000000 -0.000000
vn 0.000000 1.000000 -0.000000
vn 0.000000 1.000000 -0.000000
vn 0.000000 1.000000 0.000000
vn 0.000000 1.000000 -0.000000
vn 0.000000 1.000000 -0.000000
vn 0.000000 -1.000000 -0.000000
vn 0.000000 -1.000000 -0.000000
vn 0.000000 -1.000000 0.000000
vn 0.000000 -1.000000 -0.000000
vn 0.000000 -1.000000 0.000000
vn 0.000000 -1.000000 0.000000
vn 0.000000 -1.000000 0.000000
vn 0.000000 -1.000000 0.000000
vn 0.000000 -1.000000 0.000000
vn 0.000000 -1.000000 0.000000
vn 0.000000 -1.000000 0.000000
vn 0.000000 -1.000000 0.000000
vn 0.000000 -1.000000 0.000000
vn 0.000000 -1.000000 0.000000
vn 0.000000 -1.000000 0.000000
vn 0.000000 -1.000000 0.000000
vn 0.000000 -1.000000 0.000000
vn 0.000000 -1.000000 0.000000
vn 0.000000 -1.000000 0.000000
vn 0.000000 -1.000000 0.000000
vn 0.000000 -1.000000 0.000000
vn 0.000000 -1.000000 0.000000
vn 0.000000 -1.000000 0.000000
vn 0.000000 -1.000000 0.000000
vn 0.000000 -1.000000 0.000000
vn 0.000000 -1.000000 0.000000
vn 0.000000 -1.000000 0.000000
vn 0.000000 -1.000000 0.000000
vn 0.000000 -1.000000 0.000000
vn 0.000000 -1.000000 0.000000
vn 0.000000 -1.000000 0.000000
vn 0.000000 -1.000000 0.000000
vn 0.000000 -1.000000 0.000000
vn 0.000000 -1.000000 0.000000
vn 0.000000 -1.000000 0.000000
vn 0.000000 -1.000000 0.000000
vn 0.000000 -1.000000 0.000000
vn 0.000000 -1.000000 -0.000000
vn 0.000000 -1.000000 0.000000
vn 0.000000 -1.000000 0.000000
vn 0.000000 -1.000000 0.000000
vn 0.000000 -1.000000 0.000000
vn 0.000000 -1.000000 0.000000
vn 0.000000 -1.000000 0.000000
vn 0.000000 -1.000000 0.000000
vn 0.000000 -1.000000 0.000000
vn 0.000000 -1.000000 0.000000
vn 0.000000 -1.000000 0.000000
vn 0.000000 -1.000000 0.000000
vn 0.000000 -1.000000 0.000000
vn 0.000000 -1.000000 0.000000
vn 0.000000 -1.000000 0.000000
vn 0.000000 -1.000000 0.000000
vn 0.000000 -1.000000 0.000000
vn 0.000000 -1.000000 0.000000
vn 0.000000 -1.000000 0.000000
vn 0.000000 -1.000000 0.000000
vn 0.000000 -1.000000 0.000000
vn 0.000000 -1.000000 0.000000
vn 0.000000 -1.000000 0.000000
vn 0.000000 -1.000000 0.000000
vn 0.000000 -1.000000 0.000000
vn 0.000000 -1.000000 0.000000
vn 0.000000 -1.000000 0.000000
vn 0.000000 -1.000000 0.000000
vn 0.000000 -1.000000 0.000000
vn 0.000000 -1.000000 0.000000
vn 0.000000 -1.000000 0.000000
vn 0.000000 -1.000000 0.000000
vn 0.000000 -1.000000 0.000000
vn 0.000000 -1.000000 0.000000
vn 0.000000 -1.000000 0.000000
vn 0.000000 -1.000000 0.000000
vn 0.000000 -1.000000 0.000000
vn 0.000000 -1.000000 0.000000
vn 0.000000 -1.000000 0.000000
vn 0.000000 -1.000000 0.000000
vn 0.000000 -1.000000 0.000000
vn 0.000000 -1.000000 0.000000
vn 0.000000 -1.000000 0.000000
vn 0.000000 -1.000000 0.000000
vn 0.000000 -1.000000 0.000000
vn 0.000000 -1.000000 0.000000
vn 0.000000 -1.000000 0.000000
vn 0.000000 -1.000000 0.000000
vn 0.000000 -1.000000 0.000000
vn 0.000000 -1.000000 0.000000
vn 0.000000 -1.000000 0.000000
vn 0.000000 -1.000000 0.000000
vn 0.000000 -1.000000 0.000000
vn 0.000000 -1.000000 0.000000
vn 0.000000 -1.000000 0.000000
vn 0.000000 -1.000000 0.000000
vn 0.000000 -1.000000 0.000000
vn 0.000000 -1.000000 0.000000
vn 0.000000 -1.000000 0.000000
vn 0.000000 -1.000000 0.000000
vn 0.000000 -1.000000 0.000000
vn 0.000000 -1.000000 0.000000
vn 0.000000 -1.000000 0.000000
vn 0.000000 -1.000000 0.000000
vn 0.000000 -1.000000 0.000000
vn 0.000000 -1.000000 0.000000
vn 0.000000 -1.000000 0.000000
vn 0.000000 -1.000000 0.000000
vn 0.000000 -1.000000 0.000000
vn 0.000000 -1.000000 0.000000
vn 0.000000 -1.000000 0.000000
vn 0.000000 -1.000000 0.000000
vn 0.000000 -1.000000 0.000000
vn 0.000000 -1.000000 0.000000
vn 0.000000 -1.000000 0.000000
vn 0.000000 -1.000000 0.000000
vn 0.000000 -1.000000 0.000000
vn 0.000000 -1.000000 0.000000
vn 0.000000 -1.000000 0.000000
vn 0.000000 -1.000000 0.000000
vn 0.000000 -1.000000 0.000000
vn 0.000000 -1.000000 0.000000
vn 0.000000 -1.000000 0.000000
vn 0.000000 -1.000000 0.000000
vn 0.000000 -1.000000 0.000000
vn 0.000000 -1.000000 0.000000
vn 0.000000 -1.000000 0.000000
vn 0.000000 -1.000000 0.000000
vn 0.000000 -1.000000 0.000000
vn 0.000000 -1.000000 0.000000
vn 0.000000 -1.000000 0.000000
vn 0.000000 -1.000000 0.000000
vn 0.000000 -1.000000 0.000000
vn 0.000000 -1.000000 0.000000
vn 0.000000 -1.000000 0.000000
vn 0.000000 -1.000000 0.000000
vn 0.000000 -1.000000 0.000000
vn 0.000000 -1.000000 0.000000
vn 0.000000 -1.000000 0.000000
vn 0.000000 -1.000000 0.000000
vn 0.000000 -1.000000 0.000000
vn 0.000000 -1.000000 0.000000
vn 0.000000 -1.000000 0.000000
vn 0.000000 -1.000000 0.000000
vn 0.000000 -1.000000 0.000000
vn 0.000000 -1.000000 0.000000
vn 0.000000 -1.000000 0.000000
vn 0.000000 -1.000000 0.000000
vn 0.000000 -1.000000 -0.000000
vn 0.000000 -1.000000 0.000000
vn 0.000000 -1.000000 0.000000
vn 0.000000 -1.000000 0.000000
vn 0.000000 -1.000000 0.000000
vn 0.000000 -1.000000 0.000000
vn 0.000000 -1.000000 0.000000
vn 0.000000 -1.000000 0.000000
vn 0.000000 -1.000000 0.000000
vn 0.000000 -1.000000 0.000000
vn 0.000000 -1.000000 0.000000
vn 0.000000 -1.000000 0.000000
vn 0.000000 -1.000000 0.000000
vn 0.000000 -1.000000 0.000000
vn 0.000000 -1.000000 0.000000
vn 0.000000 -1.000000 0.000000
vn 0.000000 -1.000000 0.000000
vn 0.000000 -1.000000 0.000000
vn 0.000000 -1.000000 0.000000
vn 0.000000 -1.000000 0.000000
vn 0.000000 -1.000000 0.000000
vn 0.000000 -1.000000 0.000000
vn 0.000000 -1.000000 -0.000000
vn 0.000000 -1.000000 0.000000
vn -0.010709 -0.999923 0.006252
vn -0.172725 -0.982123 0.074835
vn -0.224855 -0.974359 0.008095
vn -0.012464 -0.999919 0.002676
vn -0.920642 -0.053660 0.386703
vn -0.999618 -0.019117 0.019939
vn -1.000000 0.000000 0.000000
vn -0.346793 -0.937939 0.002255
vn -0.014631 -0.999893 0.000884
vn -0.047107 -0.983664 0.173743
vn -0.263220 -0.044883 0.963691
vn -0.003608 -0.999951 0.009194
vn -0.000983 -0.999945 0.010481
vn -0.001721 -0.980726 0.195382
vn 0.002553 -0.014238 0.999895
vn -0.000609 -0.970593 0.240726
vn 0.000000 0.000000 1.000000
vn -0.000240 -0.999946 0.010421
vn 0.000000 -0.999947 0.010284
vn 0.000000 -0.967018 0.254710
vn 0.000000 0.000000 1.000000
vn -0.481960 -0.876193 0.000715
vn -0.015360 -0.999882 0.000208
vn -1.000000 0.000000 0.000000
vn -1.000000 -0.000000 0.000000
vn -0.522561 -0.852602 0.000000
vn -0.015313 -0.999883 0.000000
vn 0.000000 -0.967056 0.254563
vn 0.000000 0.000000 1.000000
vn 0.000000 -0.999947 0.010284
vn 0.000000 -0.999947 0.010284
vn 0.000000 -0.967069 0.254515
vn 0.000000 0.000000 1.000000
vn 0.000000 -0.967069 0.254515
vn 0.000000 0.000000 1.000000
vn 0.000000 -0.999947 0.010284
vn 0.000000 -0.999947 0.010284
vn 0.000000 -0.967069 0.254515
vn 0.000000 0.000000 1.000000
vn 0.000000 -0.967069 0.254515
vn 0.000000 0.000000 1.000000
vn 0.000000 -0.999947 0.010284
vn 0.000000 -0.999947 0.010284
vn 0.000000 -0.967069 0.254515
vn 0.000000 0.000000 1.000000
vn 0.000000 -0.967056 0.254563
vn 0.000000 0.000000 1.000000
vn 0.000000 -0.999947 0.010284
vn 0.000000 -0.999947 0.010284
vn 0.000000 -0.967018 0.254709
vn 0.000000 0.000000 1.000000
vn 0.000609 -0.970593 0.240725
vn 0.000000 0.000000 1.000000
vn 0.000240 -0.999946 0.010421
vn 0.000983 -0.999945 0.010481
vn 0.001721 -0.980725 0.195386
vn -0.002553 -0.014237 0.999895
vn 0.047107 -0.983664 0.173744
vn 0.263231 -0.044885 0.963688
vn 0.003608 -0.999951 0.009194
vn 0.010709 -0.999923 0.006252
vn 0.172724 -0.982123 0.074837
vn 0.920640 -0.053678 0.386705
vn 0.224853 -0.974359 0.008096
vn 0.999618 -0.019134 0.019942
vn 0.012464 -0.999919 0.002676
vn 0.014631 -0.999893 0.000884
vn 0.346782 -0.937943 0.002255
vn 1.000000 0.000003 0.000000
vn 0.481942 -0.876203 0.000715
vn 1.000000 0.000004 0.000000
vn 0.015360 -0.999882 0.000208
vn 0.015312 -0.999883 0.000000
vn 0.522538 -0.852616 0.000000
vn 1.000000 -0.000002 0.000000
vn -0.522512 -0.852632 0.000000
vn -0.015313 -0.999883 0.000000
vn -1.000000 -0.000000 0.000000
vn -1.000000 0.000000 0.000000
vn -0.522496 -0.852642 0.000000
vn -0.015313 -0.999883 0.000000
vn 0.522490 -0.852646 0.000000
vn 1.000000 -0.000003 0.000000
vn 0.015312 -0.999883 0.000000
vn 0.015312 -0.999883 0.000000
vn 0.522474 -0.852655 0.000000
vn 1.000000 0.000000 0.000000
vn -0.522496 -0.852642 0.000000
vn -0.015313 -0.999883 0.000000
vn -1.000000 0.000000 0.000000
vn -1.000000 0.000000 0.000000
vn -0.522496 -0.852642 0.000000
vn -0.015313 -0.999883 0.000000
vn 0.522474 -0.852655 0.000000
vn 1.000000 0.000000 0.000000
vn 0.015312 -0.999883 0.000000
vn 0.015312 -0.999883 0.000000
vn 0.522474 -0.852655 0.000000
vn 1.000000 0.000000 0.000000
vn -0.522496 -0.852642 0.000000
vn -0.015313 -0.999883 0.000000
vn -1.000000 0.000000 0.000000
vn -1.000000 0.000000 0.000000
vn -0.522496 -0.852642 0.000000
vn -0.015313 -0.999883 0.000000
vn 0.522474 -0.852655 0.000000
vn 1.000000 0.000000 0.000000
vn 0.015312 -0.999883 0.000000
vn 0.015312 -0.999883 0.000000
vn 0.522474 -0.852655 0.000000
vn 1.000000 0.000000 0.000000
vn -0.522512 -0.852632 0.000000
vn -0.015313 -0.999883 0.000000
vn -1.000000 0.000000 0.000000
vn -1.000000 0.000000 0.000000
vn -0.522561 -0.852602 0.000000
vn -0.015313 -0.999883 0.000000
vn 0.522489 -0.852646 0.000000
vn 1.000000 -0.000003 0.000000
vn 0.015312 -0.999883 0.000000
vn 0.015312 -0.999883 0.000000
vn 0.522537 -0.852617 0.000000
vn 1.000000 -0.000003 0.000000
vn -0.481960 -0.876193 -0.000715
vn -0.015360 -0.999882 -0.000208
vn -1.000000 0.000000 0.000000
vn -1.000000 0.000000 0.000000
vn -0.346793 -0.937939 -0.002255
vn -0.014631 -0.999893 -0.000884
vn 0.481941 -0.876203 -0.000715
vn 1.000000 0.000002 0.000000
vn 0.015360 -0.999882 -0.000208
vn 0.014631 -0.999893 -0.000884
vn 0.346782 -0.937943 -0.002255
vn 1.000000 0.000001 0.000000
vn -0.222615 -0.974876 -0.007721
vn -0.012493 -0.999918 -0.002822
vn -0.999746 -0.016144 -0.015737
vn -0.884332 -0.059337 -0.463073
vn -0.191328 -0.976359 -0.100580
vn -0.011280 -0.999906 -0.007796
vn 0.222612 -0.974877 -0.007721
vn 0.999746 -0.016131 -0.015740
vn 0.012493 -0.999918 -0.002822
vn 0.011280 -0.999906 -0.007796
vn 0.191323 -0.976361 -0.100573
vn 0.884329 -0.059314 -0.463080
vn -0.083373 -0.977048 -0.196028
vn -0.004554 -0.999945 -0.009498
vn -0.401034 -0.052149 -0.914577
vn -0.023000 -0.014466 -0.999631
vn -0.006530 -0.979441 -0.201625
vn -0.001139 -0.999945 -0.010464
vn 0.083369 -0.977048 -0.196031
vn 0.401045 -0.052139 -0.914573
vn 0.004554 -0.999945 -0.009498
vn 0.001139 -0.999945 -0.010464
vn 0.006530 -0.979440 -0.201629
vn 0.022998 -0.014464 -0.999631
vn -0.000609 -0.970593 -0.240726
vn -0.000240 -0.999946 -0.010421
vn -0.000001 -0.000000 -1.000000
vn 0.000000 0.000000 -1.000000
vn 0.000000 -0.967018 -0.254709
vn -0.000000 -0.999947 -0.010284
vn -0.000000 -0.967056 -0.254563
vn -0.000000 -0.999947 -0.010284
vn 0.000000 0.000000 -1.000000
vn 0.000000 0.000000 -1.000000
vn 0.000000 -0.967069 -0.254514
vn 0.000000 -0.999947 -0.010284
vn -0.000000 -0.967069 -0.254514
vn -0.000000 -0.999947 -0.010284
vn 0.000000 0.000000 -1.000000
vn 0.000000 0.000000 -1.000000
vn -0.000000 -0.967069 -0.254514
vn -0.000000 -0.999947 -0.010284
vn -0.000000 -0.967069 -0.254514
vn -0.000000 -0.999947 -0.010284
vn 0.000000 0.000000 -1.000000
vn 0.000000 0.000000 -1.000000
vn 0.000000 -0.967069 -0.254514
vn 0.000000 -0.999947 -0.010284
vn 0.000000 -0.967056 -0.254563
vn 0.000000 -0.999947 -0.010284
vn 0.000000 0.000000 -1.000000
vn 0.000000 0.000000 -1.000000
vn -0.000000 -0.967018 -0.254708
vn 0.000000 -0.999947 -0.010284
vn 0.000609 -0.970593 -0.240725
vn 0.000240 -0.999946 -0.010421
vn 0.000001 -0.000000 -1.000000
vn -0.920642 0.053660 0.386703
vn -0.172725 0.982123 0.074835
vn -0.224855 0.974359 0.008095
vn -0.999619 0.019117 0.019939
vn -0.010709 0.999923 0.006252
vn -0.012464 0.999919 0.002676
vn -0.014631 0.999893 0.000884
vn -0.346793 0.937939 0.002255
vn -1.000000 -0.000000 0.000000
vn -0.047107 0.983664 0.173743
vn -0.003608 0.999951 0.009193
vn -0.263220 0.044883 0.963691
vn 0.002553 0.014238 0.999895
vn -0.001721 0.980726 0.195381
vn -0.000983 0.999945 0.010481
vn -0.000609 0.970593 0.240726
vn -0.000240 0.999946 0.010421
vn 0.000000 0.000000 1.000000
vn 0.000000 0.000000 1.000000
vn 0.000000 0.967018 0.254710
vn 0.000000 0.999947 0.010284
vn -0.481959 0.876193 0.000715
vn -1.000000 -0.000000 0.000000
vn -0.015360 0.999882 0.000208
vn -0.015312 0.999883 0.000000
vn -0.522560 0.852602 0.000000
vn -1.000000 0.000000 0.000000
vn 0.000000 0.967056 0.254563
vn 0.000000 0.999947 0.010284
vn 0.000000 0.000000 1.000000
vn 0.000000 0.000000 1.000000
vn 0.000000 0.967069 0.254514
vn 0.000000 0.999947 0.010284
vn 0.000000 0.967069 0.254514
vn 0.000000 0.999947 0.010284
vn 0.000000 0.000000 1.000000
vn 0.000000 0.000000 1.000000
vn 0.000000 0.967069 0.254514
vn 0.000000 0.999947 0.010284
vn 0.000000 0.967069 0.254514
vn 0.000000 0.999947 0.010284
vn 0.000000 0.000000 1.000000
vn 0.000000 0.000000 1.000000
vn 0.000000 0.967069 0.254514
vn 0.000000 0.999947 0.010284
vn 0.000000 0.967056 0.254563
vn 0.000000 0.999947 0.010284
vn 0.000000 0.000000 1.000000
vn 0.000000 0.000000 1.000000
vn 0.000000 0.967018 0.254709
vn 0.000000 0.999947 0.010284
vn 0.000609 0.970593 0.240725
vn 0.000240 0.999946 0.010421
vn 0.000000 0.000000 1.000000
vn -0.002553 0.014237 0.999895
vn 0.001721 0.980725 0.195386
vn 0.000983 0.999945 0.010481
vn 0.047107 0.983664 0.173744
vn 0.003608 0.999951 0.009193
vn 0.263231 0.044885 0.963688
vn 0.920640 0.053678 0.386705
vn 0.172724 0.982123 0.074837
vn 0.010709 0.999923 0.006252
vn 0.224854 0.974359 0.008096
vn 0.012463 0.999919 0.002676
vn 0.999618 0.019134 0.019942
vn 1.000000 -0.000003 0.000000
vn 0.346781 0.937943 0.002254
vn 0.014631 0.999893 0.000884
vn 0.481942 0.876203 0.000715
vn 0.015359 0.999882 0.000208
vn 1.000000 -0.000004 0.000000
vn 1.000000 0.000002 0.000000
vn 0.522537 0.852617 0.000000
vn 0.015312 0.999883 0.000000
vn -0.522512 0.852632 0.000000
vn -1.000000 0.000000 0.000000
vn -0.015312 0.999883 0.000000
vn -0.015312 0.999883 0.000000
vn -0.522496 0.852642 0.000000
vn -1.000000 0.000000 0.000000
vn 0.522489 0.852646 0.000000
vn 0.015312 0.999883 0.000000
vn 1.000000 0.000003 0.000000
vn 1.000000 0.000000 0.000000
vn 0.522473 0.852656 0.000000
vn 0.015312 0.999883 0.000000
vn -0.522495 0.852642 0.000000
vn -1.000000 0.000000 0.000000
vn -0.015312 0.999883 0.000000
vn -0.015312 0.999883 0.000000
vn -0.522495 0.852642 0.000000
vn -1.000000 0.000000 0.000000
vn 0.522473 0.852656 0.000000
vn 0.015312 0.999883 0.000000
vn 1.000000 0.000000 0.000000
vn 1.000000 0.000000 0.000000
vn 0.522473 0.852656 0.000000
vn 0.015312 0.999883 0.000000
vn -0.522495 0.852642 0.000000
vn -1.000000 0.000000 0.000000
vn -0.015312 0.999883 0.000000
vn -0.015312 0.999883 0.000000
vn -0.522495 0.852642 0.000000
vn -1.000000 0.000000 0.000000
vn 0.522473 0.852656 0.000000
vn 0.015312 0.999883 0.000000
vn 1.000000 0.000000 0.000000
vn 1.000000 0.000000 0.000000
vn 0.522473 0.852656 0.000000
vn 0.015312 0.999883 0.000000
vn -0.522512 0.852632 0.000000
vn -1.000000 -0.000000 0.000000
vn -0.015312 0.999883 0.000000
vn -0.015312 0.999883 0.000000
vn -0.522560 0.852602 0.000000
vn -1.000000 -0.000000 0.000000
vn 0.522488 0.852646 0.000000
vn 0.015312 0.999883 0.000000
vn 1.000000 0.000003 0.000000
vn 1.000000 0.000003 0.000000
vn 0.522536 0.852617 0.000000
vn 0.015312 0.999883 0.000000
vn -0.481959 0.876193 -0.000715
vn -1.000000 -0.000000 0.000000
vn -0.015360 0.999882 -0.000208
vn -0.014631 0.999893 -0.000884
vn -0.346793 0.937939 -0.002255
vn -1.000000 -0.000000 0.000000
vn 0.481941 0.876203 -0.000715
vn 0.015360 0.999882 -0.000208
vn 1.000000 -0.000002 0.000000
vn 1.000000 -0.000001 0.000000
vn 0.346781 0.937943 -0.002254
vn 0.014631 0.999893 -0.000884
vn -0.222615 0.974876 -0.007721
vn -0.999746 0.016144 -0.015737
vn -0.012492 0.999918 -0.002822
vn -0.011280 0.999906 -0.007796
vn -0.191329 0.976359 -0.100579
vn -0.884333 0.059324 -0.463072
vn 0.222612 0.974877 -0.007721
vn 0.012492 0.999918 -0.002822
vn 0.999746 0.016131 -0.015740
vn 0.884329 0.059314 -0.463080
vn 0.191323 0.976361 -0.100573
vn 0.011279 0.999906 -0.007796
vn -0.023000 0.014465 -0.999631
vn -0.006530 0.979441 -0.201625
vn -0.000609 0.970593 -0.240726
vn -0.000001 0.000000 -1.000000
vn -0.001139 0.999945 -0.010464
vn -0.000240 0.999946 -0.010421
vn -0.000000 0.999947 -0.010284
vn 0.000000 0.967018 -0.254709
vn 0.000000 0.000000 -1.000000
vn -0.083380 0.977048 -0.196023
vn -0.004554 0.999945 -0.009498
vn -0.401023 0.052135 -0.914583
vn 0.000000 0.967056 -0.254562
vn 0.000000 0.000000 -1.000000
vn 0.000000 0.999947 -0.010284
vn 0.000000 0.999947 -0.010284
vn 0.000000 0.967069 -0.254514
vn 0.000000 0.000000 -1.000000
vn 0.000000 0.967069 -0.254514
vn 0.000000 0.000000 -1.000000
vn -0.000000 0.999947 -0.010284
vn -0.000000 0.999947 -0.010284
vn 0.000000 0.967069 -0.254514
vn 0.000000 0.000000 -1.000000
vn -0.000000 0.967069 -0.254514
vn 0.000000 0.000000 -1.000000
vn -0.000000 0.999947 -0.010284
vn 0.000000 0.999947 -0.010284
vn -0.000000 0.967069 -0.254514
vn 0.000000 0.000000 -1.000000
vn 0.000000 0.967056 -0.254562
vn 0.000000 0.000000 -1.000000
vn 0.000000 0.999947 -0.010284
vn 0.000000 0.999947 -0.010284
vn -0.000000 0.967018 -0.254708
vn 0.000000 0.000000 -1.000000
vn 0.000609 0.970593 -0.240724
vn 0.000001 0.000000 -1.000000
vn 0.000240 0.999946 -0.010421
vn 0.001139 0.999945 -0.010464
vn 0.006530 0.979440 -0.201629
vn 0.022998 0.014464 -0.999631
vn 0.083369 0.977047 -0.196031
vn 0.401045 0.052139 -0.914573
vn 0.004554 0.999945 -0.009498
vn -0.002384 0.999996 0.001794
vn -0.000216 0.999999 0.001513
vn -0.002007 0.999998 0.000167
vn -0.000047 0.999999 0.001463
vn 0.000000 0.999999 0.001439
vn 0.000000 0.999999 0.001440
vn 0.000000 0.999999 0.001440
vn 0.000000 0.999999 0.001440
vn 0.000000 0.999999 0.001440
vn 0.000000 0.999999 0.001440
vn 0.000000 0.999999 0.001440
vn 0.000000 0.999999 0.001440
vn 0.000000 0.999999 0.001439
vn 0.000047 0.999999 0.001463
vn 0.000216 0.999999 0.001513
vn 0.002384 0.999996 0.001794
vn 0.002007 0.999998 0.000167
vn -0.001952 0.999998 0.000037
vn -0.001932 0.999998 0.000000
vn 0.001952 0.999998 0.000037
vn 0.001932 0.999998 0.000000
vn -0.001932 0.999998 0.000000
vn -0.001932 0.999998 0.000000
vn 0.001932 0.999998 0.000000
vn 0.001932 0.999998 0.000000
vn -0.001932 0.999998 0.000000
vn -0.001932 0.999998 0.000000
vn 0.001932 0.999998 0.000000
vn 0.001932 0.999998 0.000000
vn -0.001932 0.999998 0.000000
vn -0.001932 0.999998 0.000000
vn 0.001932 0.999998 0.000000
vn 0.001932 0.999998 0.000000
vn -0.001932 0.999998 0.000000
vn -0.001932 0.999998 0.000000
vn 0.001932 0.999998 0.000000
vn 0.001932 0.999998 0.000000
vn -0.001952 0.999998 -0.000037
vn -0.002007 0.999998 -0.000167
vn 0.001952 0.999998 -0.000037
vn 0.002007 0.999998 -0.000167
vn -0.002384 0.999996 -0.001794
vn -0.000216 0.999999 -0.001513
vn -0.000047 0.999999 -0.001463
vn 0.000000 0.999999 -0.001439
vn 0.000000 0.999999 -0.001440
vn 0.000000 0.999999 -0.001440
vn 0.000000 0.999999 -0.001440
vn 0.000000 0.999999 -0.001440
vn 0.000000 0.999999 -0.001440
vn 0.000000 0.999999 -0.001440
vn 0.000000 0.999999 -0.001440
vn 0.000000 0.999999 -0.001439
vn 0.000047 0.999999 -0.001463
vn 0.000216 0.999999 -0.001513
vn 0.002384 0.999996 -0.001794
vn -0.002384 -0.999996 0.001794
vn -0.002007 -0.999998 0.000167
vn -0.000216 -0.999999 0.001513
vn -0.000047 -0.999999 0.001463
vn 0.000000 -0.999999 0.001439
vn 0.000000 -0.999999 0.001440
vn 0.000000 -0.999999 0.001440
vn 0.000000 -0.999999 0.001440
vn 0.000000 -0.999999 0.001440
vn 0.000000 -0.999999 0.001440
vn 0.000000 -0.999999 0.001440
vn 0.000000 -0.999999 0.001440
vn 0.000000 -0.999999 0.001439
vn 0.000047 -0.999999 0.001463
vn 0.000216 -0.999999 0.001513
vn 0.002384 -0.999996 0.001794
vn 0.002007 -0.999998 0.000167
vn -0.001952 -0.999998 0.000037
vn -0.001932 -0.999998 0.000000
vn 0.001952 -0.999998 0.000037
vn 0.001932 -0.999998 0.000000
vn -0.001932 -0.999998 0.000000
vn -0.001932 -0.999998 0.000000
vn 0.001932 -0.999998 0.000000
vn 0.001932 -0.999998 0.000000
vn -0.001932 -0.999998 0.000000
vn -0.001932 -0.999998 0.000000
vn 0.001932 -0.999998 0.000000
vn 0.001932 -0.999998 0.000000
vn -0.001932 -0.999998 0.000000
vn -0.001932 -0.999998 0.000000
vn 0.001932 -0.999998 0.000000
vn 0.001932 -0.999998 0.000000
vn -0.001932 -0.999998 0.000000
vn -0.001932 -0.999998 0.000000
vn 0.001932 -0.999998 0.000000
vn 0.001932 -0.999998 0.000000
vn -0.001952 -0.999998 -0.000037
vn -0.002007 -0.999998 -0.000167
vn 0.001952 -0.999998 -0.000037
vn 0.002007 -0.999998 -0.000167
vn -0.002384 -0.999996 -0.001794
vn -0.000216 -0.999999 -0.001513
vn -0.000047 -0.999999 -0.001463
vn 0.000000 -0.999999 -0.001439
vn 0.000000 -0.999999 -0.001440
vn 0.000000 -0.999999 -0.001440
vn 0.000000 -0.999999 -0.001440
vn 0.000000 -0.999999 -0.001440
vn 0.000000 -0.999999 -0.001440
vn 0.000000 -0.999999 -0.001440
vn 0.000000 -0.999999 -0.001440
vn 0.000000 -0.999999 -0.001439
vn 0.000047 -0.999999 -0.001463
vn 0.000216 -0.999999 -0.001513
vn 0.002384 -0.999996 -0.001794
vn -0.261879 -0.000000 0.965101
vn -0.922384 -0.000000 0.386273
vn 0.003368 -0.000000 0.999994
vn -0.999824 0.000000 0.018746
vn -1.000000 -0.000000 0.000000
vn 0.000000 0.000000 1.000000
vn 0.000000 0.000000 1.000000
vn 0.000000 0.000000 1.000000
vn 0.000000 0.000000 1.000000
vn 0.000000 0.000000 1.000000
vn 0.000000 0.000000 1.000000
vn 0.000000 0.000000 1.000000
vn 0.000000 0.000000 1.000000
vn 0.000000 0.000000 1.000000
vn 0.000000 0.000000 1.000000
vn 0.000000 0.000000 1.000000
vn -0.003368 -0.000000 0.999994
vn 0.261862 -0.000000 0.965105
vn 0.922385 -0.000000 0.386272
vn 0.999824 -0.000000 0.018747
vn 1.000000 0.000000 0.000000
vn -1.000000 -0.000000 0.000000
vn -1.000000 -0.000000 0.000000
vn 1.000000 0.000000 0.000000
vn 1.000000 0.000000 0.000000
vn -1.000000 0.000000 0.000000
vn -1.000000 0.000000 0.000000
vn 1.000000 0.000000 0.000000
vn 1.000000 0.000000 0.000000
vn -1.000000 0.000000 0.000000
vn -1.000000 0.000000 0.000000
vn 1.000000 0.000000 0.000000
vn 1.000000 0.000000 0.000000
vn -1.000000 0.000000 0.000000
vn -1.000000 0.000000 0.000000
vn 1.000000 0.000000 0.000000
vn 1.000000 0.000000 0.000000
vn -1.000000 0.000000 0.000000
vn -1.000000 0.000000 0.000000
vn 1.000000 0.000000 0.000000
vn 1.000000 -0.000000 0.000000
vn -1.000000 0.000000 0.000000
vn -1.000000 0.000000 0.000000
vn 1.000000 -0.000000 0.000000
vn 1.000000 0.000000 0.000000
vn -0.400061 -0.000000 -0.916488
vn -0.022052 -0.000000 -0.999757
vn -0.886433 -0.000000 -0.462858
vn -0.999897 0.000000 -0.014348
vn -0.000001 -0.000000 -1.000000
vn 0.000000 0.000000 -1.000000
vn 0.000000 0.000000 -1.000000
vn 0.000000 0.000000 -1.000000
vn 0.000000 0.000000 -1.000000
vn 0.000000 0.000000 -1.000000
vn 0.000000 0.000000 -1.000000
vn 0.000000 0.000000 -1.000000
vn 0.000000 0.000000 -1.000000
vn 0.000000 0.000000 -1.000000
vn 0.000001 0.000000 -1.000000
vn 0.022052 0.000000 -0.999757
vn 0.999897 -0.000000 -0.014352
vn 0.886432 -0.000000 -0.462860
vn 0.400052 -0.000000 -0.916492
s 1
g Tabla_de_reporte1_Hoja
usemtl initialShadingGroup
f 1/1/1 2/2/2 7/7/3 6/6/4
f 2/2/2 3/3/5 8/8/6 7/7/3
f 3/3/5 4/4/7 9/9/8 8/8/6
f 4/4/7 5/5/9 10/10/10 9/9/8
f 6/6/4 7/7/3 12/12/11 11/11/12
f 7/7/3 8/8/6 13/13/13 12/12/11
f 8/8/6 9/9/8 14/14/14 13/13/13
f 9/9/8 10/10/10 15/15/15 14/14/14
f 11/11/12 12/12/11 17/17/16 16/16/17
f 12/12/11 13/13/13 18/18/18 17/17/16
f 13/13/13 14/14/14 19/19/19 18/18/18
f 14/14/14 15/15/15 20/20/20 19/19/19
f 16/16/17 17/17/16 22/22/21 21/21/22
f 17/17/16 18/18/18 23/23/23 22/22/21
f 18/18/18 19/19/19 24/24/24 23/23/23
f 19/19/19 20/20/20 25/25/25 24/24/24
f 21/21/22 22/22/21 27/27/26 26/26/27
f 22/22/21 23/23/23 28/28/28 27/27/26
f 23/23/23 24/24/24 29/29/29 28/28/28
f 24/24/24 25/25/25 30/30/30 29/29/29
f 26/26/27 27/27/26 32/32/31 31/31/32
f 27/27/26 28/28/28 33/33/33 32/32/31
f 28/28/28 29/29/29 34/34/34 33/33/33
f 29/29/29 30/30/30 35/35/35 34/34/34
f 31/31/32 32/32/31 37/37/36 36/36/37
f 32/32/31 33/33/33 38/38/38 37/37/36
f 33/33/33 34/34/34 39/39/39 38/38/38
f 34/34/34 35/35/35 40/40/40 39/39/39
f 36/36/37 37/37/36 42/42/41 41/41/42
f 37/37/36 38/38/38 43/43/43 42/42/41
f 38/38/38 39/39/39 44/44/44 43/43/43
f 39/39/39 40/40/40 45/45/45 44/44/44
f 41/41/42 42/42/41 47/47/46 46/46/47
f 42/42/41 43/43/43 48/48/48 47/47/46
f 43/43/43 44/44/44 49/49/49 48/48/48
f 44/44/44 45/45/45 50/50/50 49/49/49
f 46/46/47 47/47/46 52/52/51 51/51/52
f 47/47/46 48/48/48 53/53/53 52/52/51
f 48/48/48 49/49/49 54/54/54 53/53/53
f 49/49/49 50/50/50 55/55/55 54/54/54
f 51/51/52 52/52/51 57/57/56 56/56/57
f 52/52/51 53/53/53 58/58/58 57/57/56
f 53/53/53 54/54/54 59/59/59 58/58/58
f 54/54/54 55/55/55 60/60/60 59/59/59
f 56/56/57 57/57/56 62/62/61 61/61/62
f 57/57/56 58/58/58 63/63/63 62/62/61
f 58/58/58 59/59/59 64/64/64 63/63/63
f 59/59/59 60/60/60 65/65/65 64/64/64
f 61/61/62 62/62/61 67/67/66 66/66/67
f 62/62/61 63/63/63 68/68/68 67/67/66
f 63/63/63 64/64/64 69/69/69 68/68/68
f 64/64/64 65/65/65 70/70/70 69/69/69
f 66/66/67 67/67/66 72/72/71 71/71/72
f 67/67/66 68/68/68 73/73/73 72/72/71
f 68/68/68 69/69/69 74/74/74 73/73/73
f 69/69/69 70/70/70 75/75/75 74/74/74
f 71/71/72 72/72/71 77/77/76 76/76/77
f 72/72/71 73/73/73 78/78/78 77/77/76
f 73/73/73 74/74/74 79/79/79 78/78/78
f 74/74/74 75/75/75 80/80/80 79/79/79
f 76/76/77 77/77/76 82/82/81 81/81/82
f 77/77/76 78/78/78 83/83/83 82/82/81
f 78/78/78 79/79/79 84/84/84 83/83/83
f 79/79/79 80/80/80 85/85/85 84/84/84
s 2
f 144/86/86 145/87/87 146/88/88 147/89/89
f 145/87/87 148/90/90 149/91/91 146/88/88
f 148/90/90 213/92/92 214/93/93 149/91/91
f 150/94/94 152/95/95 153/96/96 151/97/97
f 154/98/98 155/99/99 156/100/100 157/101/101
f 158/102/102 159/103/103 160/104/104 161/105/105
f 159/103/103 162/106/106 163/107/107 160/104/104
f 162/106/106 215/108/108 202/109/109 163/107/107
f 164/110/110 166/111/111 167/112/112 165/113/113
f 168/114/114 169/115/115 170/116/116 171/117/117
f 160/104/104 163/107/107 172/118/118 173/119/119
f 163/107/107 202/109/109 203/120/120 172/118/118
f 165/113/113 167/112/112 175/121/121 174/122/122
f 173/119/119 172/118/118 176/123/123 177/124/124
f 172/118/118 203/120/120 204/125/125 176/123/123
f 174/122/122 175/121/121 179/126/126 178/127/127
f 177/124/124 176/123/123 180/128/128
f 176/123/123 204/125/125 205/129/129 180/128/128
f 178/127/127 179/126/126 181/130/130
f 182/131/131 158/102/102 161/105/105 183/132/132
f 184/133/133 144/86/86 147/89/89 185/134/134
f 166/111/111 186/135/135 187/136/136 167/112/112
f 152/95/95 188/137/137 189/138/138 153/96/96
f 190/139/139 182/131/131 183/132/132 191/140/140
f 192/141/141 184/133/133 185/134/134 193/142/142
f 186/135/135 194/143/143 195/144/144 187/136/136
f 188/137/137 196/145/145 197/146/146 189/138/138
f 198/147/147 190/139/139 191/140/140 199/148/148
f 200/149/149 192/141/141 193/142/142 201/150/150
f 194/143/143 168/114/114 171/117/117 195/144/144
f 196/145/145 154/98/98 157/101/101 197/146/146
f 201/150/150 193/142/142 190/139/139 198/147/147
f 193/142/142 185/134/134 182/131/131 190/139/139
f 185/134/134 147/89/89 158/102/102 182/131/131
f 147/89/89 146/88/88 159/103/103 158/102/102
f 146/88/88 149/91/91 162/106/106 159/103/103
f 149/91/91 214/93/93 215/108/108 162/106/106
f 151/97/97 153/96/96 166/111/111 164/110/110
f 153/96/96 189/138/138 186/135/135 166/111/111
f 189/138/138 197/146/146 194/143/143 186/135/135
f 197/146/146 157/101/101 168/114/114 194/143/143
f 157/101/101 156/100/100 169/115/115 168/114/114
s 5
f 116/151/151 115/152/152 93/153/153 87/154/154
f 87/154/154 93/153/153 94/155/155 88/156/156
f 88/156/156 94/155/155 211/157/157 212/158/158
f 89/159/159 95/160/160 96/161/161 90/162/162
f 131/163/163 130/164/164 97/165/165 91/166/166
f 135/167/167 114/168/168 99/169/169 136/170/170
f 136/170/170 99/169/169 100/171/171 137/172/172
f 137/172/172 100/171/171 209/173/173 210/174/174
f 138/175/175 101/176/176 102/177/177 139/178/178
f 142/179/179 129/180/180 103/181/181 143/182/182
f 99/169/169 104/183/183 105/184/184 100/171/171
f 100/171/171 105/184/184 208/185/185 209/173/173
f 101/176/176 106/186/186 107/187/187 102/177/177
f 104/183/183 108/188/188 109/189/189 105/184/184
f 105/184/184 109/189/189 207/190/190 208/185/185
f 106/186/186 110/191/191 111/192/192 107/187/187
f 108/188/188 112/193/193 109/189/189
f 109/189/189 112/193/193 206/194/194 207/190/190
f 110/191/191 113/195/195 111/192/192
f 134/196/196 120/197/197 114/168/168 135/167/167
f 122/198/198 121/199/199 115/152/152 116/151/151
f 139/178/178 102/177/177 117/200/200 140/201/201
f 90/162/162 96/161/161 118/202/202 119/203/203
f 133/204/204 126/205/205 120/197/197 134/196/196
f 128/206/206 127/207/207 121/199/199 122/198/198
f 140/201/201 117/200/200 123/208/208 141/209/209
f 119/203/203 118/202/202 124/210/210 125/211/211
f 132/212/212 98/213/213 126/205/205 133/204/204
f 86/214/214 92/215/215 127/207/207 128/206/206
f 141/209/209 123/208/208 129/180/180 142/179/179
f 125/211/211 124/210/210 130/164/164 131/163/163
f 92/215/215 132/212/212 133/204/204 127/207/207
f 127/207/207 133/204/204 134/196/196 121/199/199
f 121/199/199 134/196/196 135/167/167 115/152/152
f 115/152/152 135/167/167 136/170/170 93/153/153
f 93/153/153 136/170/170 137/172/172 94/155/155
f 94/155/155 137/172/172 210/174/174 211/157/157
f 95/160/160 138/175/175 139/178/178 96/161/161
f 96/161/161 139/178/178 140/201/201 118/202/202
f 118/202/202 140/201/201 141/209/209 124/210/210
f 124/210/210 141/209/209 142/179/179 130/164/164
f 130/164/164 142/179/179 143/182/182 97/165/165
s 9
f 116/151/216 87/154/217 145/216/218 144/217/219
f 87/154/217 88/156/220 148/218/221 145/216/218
f 88/156/220 212/158/222 213/219/223 148/218/221
f 89/159/224 90/162/225 152/220/226 150/221/227
f 131/163/228 91/166/229 155/222/230 154/223/231
s 12
f 91/224/232 97/225/233 156/226/234 155/227/235
s 13
f 99/228/236 114/229/237 161/230/238 160/231/239
s 12
f 143/232/240 103/233/241 170/234/242 169/235/243
f 103/233/241 129/236/244 171/237/245 170/234/242
s 15
f 104/238/246 99/239/247 160/240/248 173/241/249
s 16
f 102/242/250 107/243/251 175/244/252 167/245/253
s 15
f 108/246/254 104/238/246 173/241/249 177/247/255
s 16
f 107/243/251 111/248/256 179/249/257 175/244/252
s 17
f 112/250/258 108/251/259 177/252/260 180/253/261
f 206/254/262 112/250/258 180/253/261 205/255/263
f 111/256/264 113/257/265 181/258/266 179/259/267
s 13
f 114/229/237 120/260/268 183/261/269 161/230/238
s 9
f 122/198/270 116/151/216 144/217/219 184/262/271
s 12
f 117/263/272 102/264/273 167/265/274 187/266/275
s 9
f 90/162/225 119/203/276 188/267/277 152/220/226
s 13
f 120/260/268 126/268/278 191/269/279 183/261/269
s 9
f 128/206/280 122/198/270 184/262/271 192/270/281
s 12
f 123/271/282 117/263/272 187/266/275 195/272/283
s 9
f 119/203/276 125/211/284 196/273/285 188/267/277
s 13
f 126/274/278 98/275/286 199/276/287 191/277/279
f 98/275/286 132/278/288 198/279/289 199/276/287
s 9
f 86/214/290 128/206/280 192/270/281 200/280/291
s 13
f 92/281/292 86/282/293 200/283/294 201/284/295
s 12
f 129/285/244 123/271/282 195/272/283 171/286/245
s 9
f 125/211/284 131/163/228 154/223/231 196/273/285
s 13
f 132/278/288 92/281/292 201/284/295 198/279/289
s 12
f 97/225/233 143/232/240 169/235/243 156/226/234
s 2
f 202/109/109 165/113/113 174/122/122 203/120/120
f 204/125/125 203/120/120 174/122/122 178/127/127
f 205/129/129 204/125/125 178/127/127 181/130/130
s 17
f 113/257/265 206/254/262 205/255/263 181/258/266
s 5
f 207/190/190 206/194/194 113/195/195 110/191/191
f 208/185/185 207/190/190 110/191/191 106/186/186
f 209/173/173 208/185/185 106/186/186 101/176/176
f 210/174/174 209/173/173 101/176/176 138/175/175
f 211/157/157 210/174/174 138/175/175 95/160/160
f 212/158/158 211/157/157 95/160/160 89/159/159
s 9
f 213/219/223 212/158/222 89/159/224 150/221/227
s 2
f 214/93/93 213/92/92 150/94/94 151/97/97
f 215/108/108 214/93/93 151/97/97 164/110/110
f 202/109/109 215/108/108 164/110/110 165/113/113
s 19
f 265/287/296 666/288/297 890/289/298 669/290/299
f 666/288/297 266/291/300 667/292/301 890/289/298
f 890/289/298 667/292/301 273/293/302 668/294/303
f 669/290/299 890/289/298 668/294/303 272/295/304
f 266/291/300 670/296/305 891/297/306 667/292/301
f 670/296/305 267/298/307 671/299/308 891/297/306
f 891/297/306 671/299/308 274/300/309 672/301/310
f 667/292/301 891/297/306 672/301/310 273/293/302
f 267/298/307 673/302/311 892/303/312 671/299/308
f 673/302/311 268/304/313 674/305/314 892/303/312
f 892/303/312 674/305/314 275/306/315 675/307/316
f 671/299/308 892/303/312 675/307/316 274/300/309
f 268/304/313 676/308/317 893/309/318 674/305/314
f 676/308/317 269/310/319 677/311/320 893/309/318
f 893/309/318 677/311/320 276/312/321 678/313/322
f 674/305/314 893/309/318 678/313/322 275/306/315
f 269/310/319 679/314/323 894/315/324 677/311/320
f 679/314/323 270/316/325 680/317/326 894/315/324
f 894/315/324 680/317/326 277/318/327 681/319/328
f 677/311/320 894/315/324 681/319/328 276/312/321
f 270/316/325 682/320/329 895/321/330 680/317/326
f 682/320/329 271/322/331 683/323/332 895/321/330
f 895/321/330 683/323/332 278/324/333 684/325/334
f 680/317/326 895/321/330 684/325/334 277/318/327
f 272/295/304 668/294/303 896/326/335 687/327/336
f 668/294/303 273/293/302 685/328/337 896/326/335
f 896/326/335 685/328/337 280/329/338 686/330/339
f 687/327/336 896/326/335 686/330/339 279/331/340
f 273/293/302 672/301/310 897/332/341 685/328/337
f 672/301/310 274/300/309 688/333/342 897/332/341
f 897/332/341 688/333/342 281/334/343 689/335/344
f 685/328/337 897/332/341 689/335/344 280/329/338
f 274/300/309 675/307/316 898/336/345 688/333/342
f 675/307/316 275/306/315 690/337/346 898/336/345
f 898/336/345 690/337/346 282/338/347 691/339/348
f 688/333/342 898/336/345 691/339/348 281/334/343
f 275/306/315 678/313/322 899/340/349 690/337/346
f 678/313/322 276/312/321 692/341/350 899/340/349
f 899/340/349 692/341/350 283/342/351 693/343/352
f 690/337/346 899/340/349 693/343/352 282/338/347
f 276/312/321 681/319/328 900/344/353 692/341/350
f 681/319/328 277/318/327 694/345/354 900/344/353
f 900/344/353 694/345/354 284/346/355 695/347/356
f 692/341/350 900/344/353 695/347/356 283/342/351
f 277/318/327 684/325/334 901/348/357 694/345/354
f 684/325/334 278/324/333 696/349/358 901/348/357
f 901/348/357 696/349/358 285/350/359 697/351/360
f 694/345/354 901/348/357 697/351/360 284/346/355
f 279/331/340 686/330/339 902/352/361 700/353/362
f 686/330/339 280/329/338 698/354/363 902/352/361
f 902/352/361 698/354/363 287/355/364 699/356/365
f 700/353/362 902/352/361 699/356/365 286/357/366
f 280/329/338 689/335/344 903/358/367 698/354/363
f 689/335/344 281/334/343 701/359/368 903/358/367
f 903/358/367 701/359/368 288/360/369 702/361/370
f 698/354/363 903/358/367 702/361/370 287/355/364
f 281/334/343 691/339/348 904/362/371 701/359/368
f 691/339/348 282/338/347 703/363/372 904/362/371
f 904/362/371 703/363/372 289/364/373 704/365/374
f 701/359/368 904/362/371 704/365/374 288/360/369
f 282/338/347 693/343/352 905/366/375 703/363/372
f 693/343/352 283/342/351 705/367/376 905/366/375
f 905/366/375 705/367/376 290/368/377 706/369/378
f 703/363/372 905/366/375 706/369/378 289/364/373
f 283/342/351 695/347/356 906/370/379 705/367/376
f 695/347/356 284/346/355 707/371/380 906/370/379
f 906/370/379 707/371/380 291/372/381 708/373/382
f 705/367/376 906/370/379 708/373/382 290/368/377
f 284/346/355 697/351/360 907/374/383 707/371/380
f 697/351/360 285/350/359 709/375/384 907/374/383
f 907/374/383 709/375/384 292/376/385 710/377/386
f 707/371/380 907/374/383 710/377/386 291/372/381
f 286/357/366 699/356/365 908/378/387 713/379/388
f 699/356/365 287/355/364 711/380/389 908/378/387
f 908/378/387 711/380/389 294/381/390 712/382/391
f 713/379/388 908/378/387 712/382/391 293/383/392
f 287/355/364 702/361/370 909/384/393 711/380/389
f 702/361/370 288/360/369 714/385/394 909/384/393
f 909/384/393 714/385/394 295/386/395 715/387/396
f 711/380/389 909/384/393 715/387/396 294/381/390
f 288/360/369 704/365/374 910/388/397 714/385/394
f 704/365/374 289/364/373 716/389/398 910/388/397
f 910/388/397 716/389/398 296/390/399 717/391/400
f 714/385/394 910/388/397 717/391/400 295/386/395
f 289/364/373 706/369/378 911/392/401 716/389/398
f 706/369/378 290/368/377 718/393/402 911/392/401
f 911/392/401 718/393/402 297/394/403 719/395/404
f 716/389/398 911/392/401 719/395/404 296/390/399
f 290/368/377 708/373/382 912/396/405 718/393/402
f 708/373/382 291/372/381 720/397/406 912/396/405
f 912/396/405 720/397/406 298/398/407 721/399/408
f 718/393/402 912/396/405 721/399/408 297/394/403
f 291/372/381 710/377/386 913/400/409 720/397/406
f 710/377/386 292/376/385 722/401/410 913/400/409
f 913/400/409 722/401/410 299/402/411 723/403/412
f 720/397/406 913/400/409 723/403/412 298/398/407
f 293/383/392 712/382/391 914/404/413 726/405/414
f 712/382/391 294/381/390 724/406/415 914/404/413
f 914/404/413 724/406/415 301/407/416 725/408/417
f 726/405/414 914/404/413 725/408/417 300/409/418
f 294/381/390 715/387/396 915/410/419 724/406/415
f 715/387/396 295/386/395 727/411/420 915/410/419
f 915/410/419 727/411/420 302/412/421 728/413/422
f 724/406/415 915/410/419 728/413/422 301/407/416
f 295/386/395 717/391/400 916/414/423 727/411/420
f 717/391/400 296/390/399 729/415/424 916/414/423
f 916/414/423 729/415/424 303/416/425 730/417/426
f 727/411/420 916/414/423 730/417/426 302/412/421
f 296/390/399 719/395/404 917/418/427 729/415/424
f 719/395/404 297/394/403 731/419/428 917/418/427
f 917/418/427 731/419/428 304/420/429 732/421/430
f 729/415/424 917/418/427 732/421/430 303/416/425
f 297/394/403 721/399/408 918/422/431 731/419/428
f 721/399/408 298/398/407 733/423/432 918/422/431
f 918/422/431 733/423/432 305/424/433 734/425/434
f 731/419/428 918/422/431 734/425/434 304/420/429
f 298/398/407 723/403/412 919/426/435 733/423/432
f 723/403/412 299/402/411 735/427/436 919/426/435
f 919/426/435 735/427/436 306/428/437 736/429/438
f 733/423/432 919/426/435 736/429/438 305/424/433
f 300/409/418 725/408/417 920/430/439 739/431/440
f 725/408/417 301/407/416 737/432/441 920/430/439
f 920/430/439 737/432/441 308/433/442 738/434/443
f 739/431/440 920/430/439 738/434/443 307/435/444
f 301/407/416 728/413/422 921/436/445 737/432/441
f 728/413/422 302/412/421 740/437/446 921/436/445
f 921/436/445 740/437/446 309/438/447 741/439/448
f 737/432/441 921/436/445 741/439/448 308/433/442
f 302/412/421 730/417/426 922/440/449 740/437/446
f 730/417/426 303/416/425 742/441/450 922/440/449
f 922/440/449 742/441/450 310/442/451 743/443/452
f 740/437/446 922/440/449 743/443/452 309/438/447
f 303/416/425 732/421/430 923/444/453 742/441/450
f 732/421/430 304/420/429 744/445/454 923/444/453
f 923/444/453 744/445/454 311/446/455 745/447/456
f 742/441/450 923/444/453 745/447/456 310/442/451
f 304/420/429 734/425/434 924/448/457 744/445/454
f 734/425/434 305/424/433 746/449/458 924/448/457
f 924/448/457 746/449/458 312/450/459 747/451/460
f 744/445/454 924/448/457 747/451/460 311/446/455
f 305/424/433 736/429/438 925/452/461 746/449/458
f 736/429/438 306/428/437 748/453/462 925/452/461
f 925/452/461 748/453/462 313/454/463 749/455/464
f 746/449/458 925/452/461 749/455/464 312/450/459
f 216/456/465 750/457/466 926/458/467 753/459/468
f 750/457/466 223/460/469 751/461/470 926/458/467
f 926/458/467 751/461/470 224/462/471 752/463/472
f 753/459/468 926/458/467 752/463/472 217/464/473
f 217/464/473 752/463/472 927/465/474 756/466/475
f 752/463/472 224/462/471 754/467/476 927/465/474
f 927/465/474 754/467/476 225/468/477 755/469/478
f 756/466/475 927/465/474 755/469/478 218/470/479
f 218/470/479 755/469/478 928/471/480 759/472/481
f 755/469/478 225/468/477 757/473/482 928/471/480
f 928/471/480 757/473/482 226/474/483 758/475/484
f 759/472/481 928/471/480 758/475/484 219/476/485
f 219/476/485 758/475/484 929/477/486 762/478/487
f 758/475/484 226/474/483 760/479/488 929/477/486
f 929/477/486 760/479/488 227/480/489 761/481/490
f 762/478/487 929/477/486 761/481/490 220/482/491
f 220/482/491 761/481/490 930/483/492 765/484/493
f 761/481/490 227/480/489 763/485/494 930/483/492
f 930/483/492 763/485/494 228/486/495 764/487/496
f 765/484/493 930/483/492 764/487/496 221/488/497
f 221/488/497 764/487/496 931/489/498 768/490/499
f 764/487/496 228/486/495 766/491/500 931/489/498
f 931/489/498 766/491/500 229/492/501 767/493/502
f 768/490/499 931/489/498 767/493/502 222/494/503
f 223/460/469 769/495/504 932/496/505 751/461/470
f 769/495/504 230/497/506 770/498/507 932/496/505
f 932/496/505 770/498/507 231/499/508 771/500/509
f 751/461/470 932/496/505 771/500/509 224/462/471
f 224/462/471 771/500/509 933/501/510 754/467/476
f 771/500/509 231/499/508 772/502/511 933/501/510
f 933/501/510 772/502/511 232/503/512 773/504/513
f 754/467/476 933/501/510 773/504/513 225/468/477
f 225/468/477 773/504/513 934/505/514 757/473/482
f 773/504/513 232/503/512 774/506/515 934/505/514
f 934/505/514 774/506/515 233/507/516 775/508/517
f 757/473/482 934/505/514 775/508/517 226/474/483
f 226/474/483 775/508/517 935/509/518 760/479/488
f 775/508/517 233/507/516 776/510/519 935/509/518
f 935/509/518 776/510/519 234/511/520 777/512/521
f 760/479/488 935/509/518 777/512/521 227/480/489
f 227/480/489 777/512/521 936/513/522 763/485/494
f 777/512/521 234/511/520 778/514/523 936/513/522
f 936/513/522 778/514/523 235/515/524 779/516/525
f 763/485/494 936/513/522 779/516/525 228/486/495
f 228/486/495 779/516/525 937/517/526 766/491/500
f 779/516/525 235/515/524 780/518/527 937/517/526
f 937/517/526 780/518/527 236/519/528 781/520/529
f 766/491/500 937/517/526 781/520/529 229/492/501
f 230/497/506 782/521/530 938/522/531 770/498/507
f 782/521/530 237/523/532 783/524/533 938/522/531
f 938/522/531 783/524/533 238/525/534 784/526/535
f 770/498/507 938/522/531 784/526/535 231/499/508
f 231/499/508 784/526/535 939/527/536 772/502/511
f 784/526/535 238/525/534 785/528/537 939/527/536
f 939/527/536 785/528/537 239/529/538 786/530/539
f 772/502/511 939/527/536 786/530/539 232/503/512
f 232/503/512 786/530/539 940/531/540 774/506/515
f 786/530/539 239/529/538 787/532/541 940/531/540
f 940/531/540 787/532/541 240/533/542 788/534/543
f 774/506/515 940/531/540 788/534/543 233/507/516
f 233/507/516 788/534/543 941/535/544 776/510/519
f 788/534/543 240/533/542 789/536/545 941/535/544
f 941/535/544 789/536/545 241/537/546 790/538/547
f 776/510/519 941/535/544 790/538/547 234/511/520
f 234/511/520 790/538/547 942/539/548 778/514/523
f 790/538/547 241/537/546 791/540/549 942/539/548
f 942/539/548 791/540/549 242/541/550 792/542/551
f 778/514/523 942/539/548 792/542/551 235/515/524
f 235/515/524 792/542/551 943/543/552 780/518/527
f 792/542/551 242/541/550 793/544/553 943/543/552
f 943/543/552 793/544/553 243/545/554 794/546/555
f 780/518/527 943/543/552 794/546/555 236/519/528
f 237/523/532 795/547/556 944/548/557 783/524/533
f 795/547/556 244/549/558 796/550/559 944/548/557
f 944/548/557 796/550/559 245/551/560 797/552/561
f 783/524/533 944/548/557 797/552/561 238/525/534
f 238/525/534 797/552/561 945/553/562 785/528/537
f 797/552/561 245/551/560 798/554/563 945/553/562
f 945/553/562 798/554/563 246/555/564 799/556/565
f 785/528/537 945/553/562 799/556/565 239/529/538
f 239/529/538 799/556/565 946/557/566 787/532/541
f 799/556/565 246/555/564 800/558/567 946/557/566
f 946/557/566 800/558/567 247/559/568 801/560/569
f 787/532/541 946/557/566 801/560/569 240/533/542
f 240/533/542 801/560/569 947/561/570 789/536/545
f 801/560/569 247/559/568 802/562/571 947/561/570
f 947/561/570 802/562/571 248/563/572 803/564/573
f 789/536/545 947/561/570 803/564/573 241/537/546
f 241/537/546 803/564/573 948/565/574 791/540/549
f 803/564/573 248/563/572 804/566/575 948/565/574
f 948/565/574 804/566/575 249/567/576 805/568/577
f 791/540/549 948/565/574 805/568/577 242/541/550
f 242/541/550 805/568/577 949/569/578 793/544/553
f 805/568/577 249/567/576 806/570/579 949/569/578
f 949/569/578 806/570/579 250/571/580 807/572/581
f 793/544/553 949/569/578 807/572/581 243/545/554
f 244/549/558 808/573/582 950/574/583 796/550/559
f 808/573/582 251/575/584 809/576/585 950/574/583
f 950/574/583 809/576/585 252/577/586 810/578/587
f 796/550/559 950/574/583 810/578/587 245/551/560
f 245/551/560 810/578/587 951/579/588 798/554/563
f 810/578/587 252/577/586 811/580/589 951/579/588
f 951/579/588 811/580/589 253/581/590 812/582/591
f 798/554/563 951/579/588 812/582/591 246/555/564
f 246/555/564 812/582/591 952/583/592 800/558/567
f 812/582/591 253/581/590 813/584/593 952/583/592
f 952/583/592 813/584/593 254/585/594 814/586/595
f 800/558/567 952/583/592 814/586/595 247/559/568
f 247/559/568 814/586/595 953/587/596 802/562/571
f 814/586/595 254/585/594 815/588/597 953/587/596
f 953/587/596 815/588/597 255/589/598 816/590/599
f 802/562/571 953/587/596 816/590/599 248/563/572
f 248/563/572 816/590/599 954/591/600 804/566/575
f 816/590/599 255/589/598 817/592/601 954/591/600
f 954/591/600 817/592/601 256/593/602 818/594/603
f 804/566/575 954/591/600 818/594/603 249/567/576
f 249/567/576 818/594/603 955/595/604 806/570/579
f 818/594/603 256/593/602 819/596/605 955/595/604
f 955/595/604 819/596/605 257/597/606 820/598/607
f 806/570/579 955/595/604 820/598/607 250/571/580
f 251/575/584 821/599/608 956/600/609 809/576/585
f 821/599/608 258/601/610 822/602/611 956/600/609
f 956/600/609 822/602/611 259/603/612 823/604/613
f 809/576/585 956/600/609 823/604/613 252/577/586
f 252/577/586 823/604/613 957/605/614 811/580/589
f 823/604/613 259/603/612 824/606/615 957/605/614
f 957/605/614 824/606/615 260/607/616 825/608/617
f 811/580/589 957/605/614 825/608/617 253/581/590
f 253/581/590 825/608/617 958/609/618 813/584/593
f 825/608/617 260/607/616 826/610/619 958/609/618
f 958/609/618 826/610/619 261/611/620 827/612/621
f 813/584/593 958/609/618 827/612/621 254/585/594
f 254/585/594 827/612/621 959/613/622 815/588/597
f 827/612/621 261/611/620 828/614/623 959/613/622
f 959/613/622 828/614/623 262/615/624 829/616/625
f 815/588/597 959/613/622 829/616/625 255/589/598
f 255/589/598 829/616/625 960/617/626 817/592/601
f 829/616/625 262/615/624 830/618/627 960/617/626
f 960/617/626 830/618/627 263/619/628 831/620/629
f 817/592/601 960/617/626 831/620/629 256/593/602
f 256/593/602 831/620/629 961/621/630 819/596/605
f 831/620/629 263/619/628 832/622/631 961/621/630
f 961/621/630 832/622/631 264/623/632 833/624/633
f 819/596/605 961/621/630 833/624/633 257/597/606
f 314/625/634 834/626/635 962/627/636 837/628/637
f 834/629/635 315/630/638 835/631/639 962/632/636
f 962/632/636 835/631/639 319/633/640 836/634/641
f 837/628/637 962/627/636 836/635/641 318/636/642
f 315/630/638 834/629/635 963/637/643 840/638/644
f 834/626/635 314/625/634 838/639/645 963/640/643
f 963/640/643 838/639/645 316/641/646 839/642/647
f 840/643/644 963/644/643 839/645/647 317/646/648
f 317/646/648 839/645/647 964/647/649 843/648/650
f 839/642/647 316/641/646 841/649/651 964/650/649
f 964/650/649 841/649/651 320/651/652 842/652/653
f 843/648/650 964/647/649 842/653/653 321/654/654
f 318/636/642 836/635/641 965/655/655 846/656/656
f 836/634/641 319/633/640 844/657/657 965/658/655
f 965/658/655 844/657/657 337/659/658 845/660/659
f 846/656/656 965/655/655 845/661/659 336/662/660
f 321/654/654 842/653/653 966/663/661 849/664/662
f 842/652/653 320/651/652 847/665/663 966/666/661
f 966/666/661 847/665/663 322/667/664 848/668/665
f 849/664/662 966/663/661 848/669/665 323/670/666
f 323/670/666 848/669/665 967/671/667 852/672/668
f 848/668/665 322/667/664 850/673/669 967/674/667
f 967/674/667 850/673/669 324/675/670 851/676/671
f 852/672/668 967/671/667 851/677/671 325/678/672
f 325/678/672 851/677/671 968/679/673 855/680/674
f 851/676/671 324/675/670 853/681/675 968/682/673
f 968/682/673 853/681/675 326/683/676 854/684/677
f 855/680/674 968/679/673 854/685/677 327/686/678
f 327/686/678 854/685/677 969/687/679 858/688/680
f 854/684/677 326/683/676 856/689/681 969/690/679
f 969/690/679 856/689/681 328/691/682 857/692/683
f 858/688/680 969/687/679 857/693/683 329/694/684
f 329/694/684 857/693/683 970/695/685 861/696/686
f 857/692/683 328/691/682 859/697/687 970/698/685
f 970/698/685 859/697/687 330/699/688 860/700/689
f 861/696/686 970/695/685 860/701/689 331/702/690
f 331/702/690 860/701/689 971/703/691 864/704/692
f 860/700/689 330/699/688 862/705/693 971/706/691
f 971/706/691 862/705/693 332/707/694 863/708/695
f 864/709/692 971/710/691 863/711/695 333/712/696
f 333/712/696 863/711/695 972/713/697 867/714/698
f 863/708/695 332/707/694 865/715/699 972/716/697
f 972/716/697 865/715/699 334/717/700 866/718/701
f 867/714/698 972/713/697 866/719/701 335/720/702
f 335/720/702 866/719/701 973/721/703 870/722/704
f 866/718/701 334/717/700 868/723/705 973/724/703
f 973/724/703 868/723/705 338/725/706 869/726/707
f 870/722/704 973/721/703 869/727/707 339/728/708
f 336/662/660 845/661/659 974/729/709 873/730/710
f 845/660/659 337/659/658 871/731/711 974/732/709
f 974/732/709 871/731/711 341/733/712 872/734/713
f 873/730/710 974/729/709 872/735/713 340/736/714
f 339/728/708 869/727/707 975/737/715 876/738/716
f 869/726/707 338/725/706 874/739/717 975/740/715
f 975/740/715 874/739/717 342/741/718 875/742/719
f 876/738/716 975/737/715 875/743/719 343/744/720
f 340/736/714 872/735/713 976/745/721 879/746/722
f 872/734/713 341/733/712 877/747/723 976/748/721
f 976/748/721 877/747/723 345/749/724 878/750/725
f 879/746/722 976/745/721 878/751/725 344/752/726
f 343/744/720 875/743/719 977/753/727 882/754/728
f 875/742/719 342/741/718 880/755/729 977/756/727
f 977/756/727 880/755/729 346/757/730 881/758/731
f 882/754/728 977/753/727 881/759/731 347/760/732
f 344/752/726 878/751/725 978/761/733 885/762/734
f 878/750/725 345/749/724 883/763/735 978/764/733
f 978/764/733 883/763/735 349/765/736 884/766/737
f 885/762/734 978/761/733 884/767/737 348/768/738
f 347/760/732 881/759/731 979/769/739 888/770/740
f 881/758/731 346/757/730 886/771/741 979/772/739
f 979/772/739 886/771/741 350/773/742 887/774/743
f 888/770/740 979/769/739 887/775/743 351/776/744
f 348/768/738 884/767/737 980/777/745 443/778/746
f 884/766/737 349/765/736 889/779/747 980/780/745
f 980/780/745 889/779/747 353/781/748 442/782/749
f 443/778/746 980/777/745 442/783/749 352/784/750
f 351/776/744 887/775/743 981/785/751 446/786/752
f 887/774/743 350/773/742 444/787/753 981/788/751
f 981/788/751 444/787/753 354/789/754 445/790/755
f 446/786/752 981/785/751 445/791/755 355/792/756
f 352/784/750 442/783/749 982/793/757 449/794/758
f 442/782/749 353/781/748 447/795/759 982/796/757
f 982/796/757 447/795/759 357/797/760 448/798/761
f 449/794/758 982/793/757 448/799/761 356/800/762
f 355/792/756 445/791/755 983/801/763 452/802/764
f 445/790/755 354/789/754 450/803/765 983/804/763
f 983/804/763 450/803/765 358/805/766 451/806/767
f 452/802/764 983/801/763 451/807/767 359/808/768
f 356/800/762 448/799/761 984/809/769 455/810/770
f 448/798/761 357/797/760 453/811/771 984/812/769
f 984/812/769 453/811/771 361/813/772 454/814/773
f 455/810/770 984/809/769 454/815/773 360/816/774
f 359/808/768 451/807/767 985/817/775 458/818/776
f 451/806/767 358/805/766 456/819/777 985/820/775
f 985/820/775 456/819/777 362/821/778 457/822/779
f 458/818/776 985/817/775 457/823/779 363/824/780
f 360/816/774 454/815/773 986/825/781 461/826/782
f 454/814/773 361/813/772 459/827/783 986/828/781
f 986/829/781 459/830/783 365/831/784 460/832/785
f 461/826/782 986/825/781 460/833/785 364/834/786
f 363/824/780 457/823/779 987/835/787 464/836/788
f 457/822/779 362/821/778 462/837/789 987/838/787
f 987/838/787 462/837/789 376/839/790 463/840/791
f 464/841/788 987/842/787 463/843/791 377/844/792
f 364/834/786 460/833/785 988/845/793 467/846/794
f 460/832/785 365/831/784 465/847/795 988/848/793
f 988/848/793 465/847/795 367/849/796 466/850/797
f 467/846/794 988/845/793 466/851/797 366/852/798
f 366/852/798 466/851/797 989/853/799 470/854/800
f 466/850/797 367/849/796 468/855/801 989/856/799
f 989/856/799 468/855/801 369/857/802 469/858/803
f 470/854/800 989/853/799 469/859/803 368/860/804
f 368/860/804 469/859/803 990/861/805 473/862/806
f 469/858/803 369/857/802 471/863/807 990/864/805
f 990/864/805 471/863/807 371/865/808 472/866/809
f 473/862/806 990/861/805 472/867/809 370/868/810
f 370/868/810 472/867/809 991/869/811 476/870/812
f 472/866/809 371/865/808 474/871/813 991/872/811
f 991/872/811 474/871/813 373/873/814 475/874/815
f 476/870/812 991/869/811 475/875/815 372/876/816
f 372/876/816 475/875/815 992/877/817 479/878/818
f 475/874/815 373/873/814 477/879/819 992/880/817
f 992/880/817 477/879/819 375/881/820 478/882/821
f 479/878/818 992/877/817 478/883/821 374/884/822
f 374/884/822 478/883/821 993/885/823 481/886/824
f 478/882/821 375/881/820 480/887/825 993/888/823
f 993/888/823 480/887/825 377/844/792 463/843/791
f 481/886/824 993/885/823 463/840/791 376/839/790
f 378/889/826 482/890/827 994/891/828 485/892/829
f 482/893/827 379/894/830 483/895/831 994/896/828
f 994/896/828 483/895/831 383/897/832 484/898/833
f 485/892/829 994/891/828 484/899/833 382/900/834
f 379/894/830 482/893/827 995/901/835 488/902/836
f 482/890/827 378/889/826 486/903/837 995/904/835
f 995/905/835 486/906/837 381/907/838 487/908/839
f 488/902/836 995/901/835 487/909/839 380/910/840
f 380/910/840 487/909/839 996/911/841 491/912/842
f 487/908/839 381/907/838 489/913/843 996/914/841
f 996/914/841 489/913/843 385/915/844 490/916/845
f 491/912/842 996/911/841 490/917/845 384/918/846
f 382/900/834 484/899/833 997/919/847 494/920/848
f 484/898/833 383/897/832 492/921/849 997/922/847
f 997/922/847 492/921/849 401/923/850 493/924/851
f 494/920/848 997/919/847 493/925/851 400/926/852
f 384/918/846 490/917/845 998/927/853 497/928/854
f 490/916/845 385/915/844 495/929/855 998/930/853
f 998/930/853 495/929/855 387/931/856 496/932/857
f 497/928/854 998/927/853 496/933/857 386/934/858
f 386/934/858 496/933/857 999/935/859 500/936/860
f 496/932/857 387/931/856 498/937/861 999/938/859
f 999/938/859 498/937/861 389/939/862 499/940/863
f 500/936/860 999/935/859 499/941/863 388/942/864
f 388/942/864 499/941/863 1000/943/865 503/944/866
f 499/940/863 389/939/862 501/945/867 1000/946/865
f 1000/946/865 501/945/867 391/947/868 502/948/869
f 503/944/866 1000/943/865 502/949/869 390/950/870
f 390/950/870 502/949/869 1001/951/871 506/952/872
f 502/948/869 391/947/868 504/953/873 1001/954/871
f 1001/954/871 504/953/873 393/955/874 505/956/875
f 506/952/872 1001/951/871 505/957/875 392/958/876
f 392/958/876 505/957/875 1002/959/877 509/960/878
f 505/956/875 393/955/874 507/961/879 1002/962/877
f 1002/962/877 507/961/879 395/963/880 508/964/881
f 509/960/878 1002/959/877 508/965/881 394/966/882
f 394/966/882 508/965/881 1003/967/883 512/968/884
f 508/964/881 395/963/880 510/969/885 1003/970/883
f 1003/971/883 510/972/885 397/973/886 511/974/887
f 512/968/884 1003/967/883 511/975/887 396/976/888
f 396/976/888 511/975/887 1004/977/889 515/978/890
f 511/974/887 397/973/886 513/979/891 1004/980/889
f 1004/980/889 513/979/891 399/981/892 514/982/893
f 515/978/890 1004/977/889 514/983/893 398/984/894
f 398/984/894 514/983/893 1005/985/895 518/986/896
f 514/982/893 399/981/892 516/987/897 1005/988/895
f 1005/988/895 516/987/897 403/989/898 517/990/899
f 518/986/896 1005/985/895 517/991/899 402/992/900
f 400/926/852 493/925/851 1006/993/901 521/994/902
f 493/924/851 401/923/850 519/995/903 1006/996/901
f 1006/996/901 519/995/903 405/997/904 520/998/905
f 521/994/902 1006/993/901 520/999/905 404/1000/906
f 402/992/900 517/991/899 1007/1001/907 524/1002/908
f 517/990/899 403/989/898 522/1003/909 1007/1004/907
f 1007/1004/907 522/1003/909 407/1005/910 523/1006/911
f 524/1002/908 1007/1001/907 523/1007/911 406/1008/912
f 404/1000/906 520/999/905 1008/1009/913 527/1010/914
f 520/998/905 405/997/904 525/1011/915 1008/1012/913
f 1008/1012/913 525/1011/915 409/1013/916 526/1014/917
f 527/1010/914 1008/1009/913 526/1015/917 408/1016/918
f 406/1008/912 523/1007/911 1009/1017/919 530/1018/920
f 523/1006/911 407/1005/910 528/1019/921 1009/1020/919
f 1009/1020/919 528/1019/921 411/1021/922 529/1022/923
f 530/1018/920 1009/1017/919 529/1023/923 410/1024/924
f 408/1016/918 526/1015/917 1010/1025/925 533/1026/926
f 526/1014/917 409/1013/916 531/1027/927 1010/1028/925
f 1010/1028/925 531/1027/927 413/1029/928 532/1030/929
f 533/1026/926 1010/1025/925 532/1031/929 412/1032/930
f 410/1024/924 529/1023/923 1011/1033/931 536/1034/932
f 529/1022/923 411/1021/922 534/1035/933 1011/1036/931
f 1011/1036/931 534/1035/933 415/1037/934 535/1038/935
f 536/1034/932 1011/1033/931 535/1039/935 414/1040/936
f 412/1032/930 532/1031/929 1012/1041/937 539/1042/938
f 532/1030/929 413/1029/928 537/1043/939 1012/1044/937
f 1012/1044/937 537/1043/939 417/1045/940 538/1046/941
f 539/1042/938 1012/1041/937 538/1047/941 416/1048/942
f 414/1040/936 535/1039/935 1013/1049/943 542/1050/944
f 535/1038/935 415/1037/934 540/1051/945 1013/1052/943
f 1013/1052/943 540/1051/945 419/1053/946 541/1054/947
f 542/1050/944 1013/1049/943 541/1055/947 418/1056/948
f 416/1048/942 538/1047/941 1014/1057/949 545/1058/950
f 538/1046/941 417/1045/940 543/1059/951 1014/1060/949
f 1014/1060/949 543/1059/951 421/1061/952 544/1062/953
f 545/1058/950 1014/1057/949 544/1063/953 420/1064/954
f 418/1056/948 541/1055/947 1015/1065/955 548/1066/956
f 541/1054/947 419/1053/946 546/1067/957 1015/1068/955
f 1015/1068/955 546/1067/957 423/1069/958 547/1070/959
f 548/1066/956 1015/1065/955 547/1071/959 422/1072/960
f 420/1064/954 544/1063/953 1016/1073/961 551/1074/962
f 544/1062/953 421/1061/952 549/1075/963 1016/1076/961
f 1016/1076/961 549/1075/963 426/1077/964 550/1078/965
f 551/1074/962 1016/1073/961 550/1079/965 427/1080/966
f 422/1072/960 547/1071/959 1017/1081/967 554/1082/968
f 547/1070/959 423/1069/958 552/1083/969 1017/1084/967
f 1017/1084/967 552/1083/969 441/1085/970 553/1086/971
f 554/1082/968 1017/1081/967 553/1087/971 440/1088/972
f 424/1089/973 555/1090/974 1018/1091/975 558/1092/976
f 555/1093/974 425/1094/977 556/1095/978 1018/1096/975
f 1018/1096/975 556/1095/978 429/1097/979 557/1098/980
f 558/1092/976 1018/1091/975 557/1099/980 428/1100/981
f 425/1094/977 555/1093/974 1019/1101/982 560/1102/983
f 555/1090/974 424/1089/973 559/1103/984 1019/1104/982
f 1019/1105/982 559/1106/984 427/1080/966 550/1079/965
f 560/1102/983 1019/1101/982 550/1078/965 426/1077/964
f 428/1100/981 557/1099/980 1020/1107/985 563/1108/986
f 557/1098/980 429/1097/979 561/1109/987 1020/1110/985
f 1020/1110/985 561/1109/987 431/1111/988 562/1112/989
f 563/1108/986 1020/1107/985 562/1113/989 430/1114/990
f 430/1114/990 562/1113/989 1021/1115/991 566/1116/992
f 562/1112/989 431/1111/988 564/1117/993 1021/1118/991
f 1021/1118/991 564/1117/993 433/1119/994 565/1120/995
f 566/1116/992 1021/1115/991 565/1121/995 432/1122/996
f 432/1122/996 565/1121/995 1022/1123/997 569/1124/998
f 565/1120/995 433/1119/994 567/1125/999 1022/1126/997
f 1022/1126/997 567/1125/999 435/1127/1000 568/1128/1001
f 569/1124/998 1022/1123/997 568/1129/1001 434/1130/1002
f 434/1130/1002 568/1129/1001 1023/1131/1003 572/1132/1004
f 568/1128/1001 435/1127/1000 570/1133/1005 1023/1134/1003
f 1023/1134/1003 570/1133/1005 437/1135/1006 571/1136/1007
f 572/1132/1004 1023/1131/1003 571/1137/1007 436/1138/1008
f 436/1138/1008 571/1137/1007 1024/1139/1009 575/1140/1010
f 571/1136/1007 437/1135/1006 573/1141/1011 1024/1142/1009
f 1024/1142/1009 573/1141/1011 439/1143/1012 574/1144/1013
f 575/1140/1010 1024/1139/1009 574/1145/1013 438/1146/1014
f 438/1146/1014 574/1145/1013 1025/1147/1015 577/1148/1016
f 574/1144/1013 439/1143/1012 576/1149/1017 1025/1150/1015
f 1025/1150/1015 576/1149/1017 440/1088/972 553/1087/971
f 577/1151/1016 1025/1152/1015 553/1086/971 441/1085/970
f 379/894/830 488/902/836 1026/1153/1018 483/895/831
f 488/902/836 380/910/840 578/1154/1019 1026/1153/1018
f 1026/1153/1018 578/1154/1019 265/287/296 579/1155/1020
f 483/895/831 1026/1153/1018 579/1155/1020 383/897/832
f 380/910/840 491/912/842 1027/1156/1021 578/1154/1019
f 491/912/842 384/918/846 580/1157/1022 1027/1156/1021
f 1027/1156/1021 580/1157/1022 266/291/300 666/288/297
f 578/1154/1019 1027/1156/1021 666/288/297 265/287/296
f 384/918/846 497/928/854 1028/1158/1023 580/1157/1022
f 497/928/854 386/934/858 581/1159/1024 1028/1158/1023
f 1028/1158/1023 581/1159/1024 267/298/307 670/296/305
f 580/1157/1022 1028/1158/1023 670/296/305 266/291/300
f 386/934/858 500/936/860 1029/1160/1025 581/1159/1024
f 500/936/860 388/942/864 582/1161/1026 1029/1160/1025
f 1029/1160/1025 582/1161/1026 268/304/313 673/302/311
f 581/1159/1024 1029/1160/1025 673/302/311 267/298/307
f 388/942/864 503/944/866 1030/1162/1027 582/1161/1026
f 503/944/866 390/950/870 583/1163/1028 1030/1162/1027
f 1030/1162/1027 583/1163/1028 269/310/319 676/308/317
f 582/1161/1026 1030/1162/1027 676/308/317 268/304/313
f 390/950/870 506/952/872 1031/1164/1029 583/1163/1028
f 506/952/872 392/958/876 584/1165/1030 1031/1164/1029
f 1031/1164/1029 584/1165/1030 270/316/325 679/314/323
f 583/1163/1028 1031/1164/1029 679/314/323 269/310/319
f 392/958/876 509/960/878 1032/1166/1031 584/1165/1030
f 509/960/878 394/966/882 585/1167/1032 1032/1166/1031
f 1032/1166/1031 585/1167/1032 271/322/331 682/320/329
f 584/1165/1030 1032/1166/1031 682/320/329 270/316/325
f 394/966/882 512/968/884 1033/1168/1033 585/1167/1032
f 512/968/884 396/976/888 515/978/890 1033/1168/1033
f 1033/1168/1033 515/978/890 398/984/894 586/1169/1034
f 585/1167/1032 1033/1168/1033 586/1169/1034 271/322/331
f 383/897/832 579/1155/1020 1034/1170/1035 492/921/849
f 579/1155/1020 265/287/296 669/290/299 1034/1170/1035
f 1034/1170/1035 669/290/299 272/295/304 587/1171/1036
f 492/921/849 1034/1170/1035 587/1171/1036 401/923/850
f 271/322/331 586/1169/1034 1035/1172/1037 683/323/332
f 586/1169/1034 398/984/894 518/986/896 1035/1172/1037
f 1035/1172/1037 518/986/896 402/992/900 588/1173/1038
f 683/323/332 1035/1172/1037 588/1173/1038 278/324/333
f 401/923/850 587/1171/1036 1036/1174/1039 519/995/903
f 587/1171/1036 272/295/304 687/327/336 1036/1174/1039
f 1036/1174/1039 687/327/336 279/331/340 589/1175/1040
f 519/995/903 1036/1174/1039 589/1175/1040 405/997/904
f 278/324/333 588/1173/1038 1037/1176/1041 696/349/358
f 588/1173/1038 402/992/900 524/1002/908 1037/1176/1041
f 1037/1176/1041 524/1002/908 406/1008/912 590/1177/1042
f 696/349/358 1037/1176/1041 590/1177/1042 285/350/359
f 405/997/904 589/1175/1040 1038/1178/1043 525/1011/915
f 589/1175/1040 279/331/340 700/353/362 1038/1178/1043
f 1038/1178/1043 700/353/362 286/357/366 591/1179/1044
f 525/1011/915 1038/1178/1043 591/1179/1044 409/1013/916
f 285/350/359 590/1177/1042 1039/1180/1045 709/375/384
f 590/1177/1042 406/1008/912 530/1018/920 1039/1180/1045
f 1039/1180/1045 530/1018/920 410/1024/924 592/1181/1046
f 709/375/384 1039/1180/1045 592/1181/1046 292/376/385
f 409/1013/916 591/1179/1044 1040/1182/1047 531/1027/927
f 591/1179/1044 286/357/366 713/379/388 1040/1182/1047
f 1040/1182/1047 713/379/388 293/383/392 593/1183/1048
f 531/1027/927 1040/1182/1047 593/1183/1048 413/1029/928
f 292/376/385 592/1181/1046 1041/1184/1049 722/401/410
f 592/1181/1046 410/1024/924 536/1034/932 1041/1184/1049
f 1041/1184/1049 536/1034/932 414/1040/936 594/1185/1050
f 722/401/410 1041/1184/1049 594/1185/1050 299/402/411
f 413/1029/928 593/1183/1048 1042/1186/1051 537/1043/939
f 593/1183/1048 293/383/392 726/405/414 1042/1186/1051
f 1042/1186/1051 726/405/414 300/409/418 595/1187/1052
f 537/1043/939 1042/1186/1051 595/1187/1052 417/1045/940
f 299/402/411 594/1185/1050 1043/1188/1053 735/427/436
f 594/1185/1050 414/1040/936 542/1050/944 1043/1188/1053
f 1043/1188/1053 542/1050/944 418/1056/948 596/1189/1054
f 735/427/436 1043/1188/1053 596/1189/1054 306/428/437
f 417/1045/940 595/1187/1052 1044/1190/1055 543/1059/951
f 595/1187/1052 300/409/418 739/431/440 1044/1190/1055
f 1044/1190/1055 739/431/440 307/435/444 597/1191/1056
f 543/1059/951 1044/1190/1055 597/1191/1056 421/1061/952
f 306/428/437 596/1189/1054 1045/1192/1057 748/453/462
f 596/1189/1054 418/1056/948 548/1066/956 1045/1192/1057
f 1045/1192/1057 548/1066/956 422/1072/960 598/1193/1058
f 748/453/462 1045/1192/1057 598/1193/1058 313/454/463
f 421/1061/952 597/1191/1056 1046/1194/1059 549/1075/963
f 597/1191/1056 307/435/444 599/1195/1060 1046/1194/1059
f 1046/1194/1059 599/1195/1060 425/1094/977 560/1102/983
f 549/1075/963 1046/1194/1059 560/1102/983 426/1077/964
f 307/435/444 738/434/443 1047/1196/1061 599/1195/1060
f 738/434/443 308/433/442 600/1197/1062 1047/1196/1061
f 1047/1196/1061 600/1197/1062 429/1097/979 556/1095/978
f 599/1195/1060 1047/1196/1061 556/1095/978 425/1094/977
f 308/433/442 741/439/448 1048/1198/1063 600/1197/1062
f 741/439/448 309/438/447 601/1199/1064 1048/1198/1063
f 1048/1198/1063 601/1199/1064 431/1111/988 561/1109/987
f 600/1197/1062 1048/1198/1063 561/1109/987 429/1097/979
f 309/438/447 743/443/452 1049/1200/1065 601/1199/1064
f 743/443/452 310/442/451 602/1201/1066 1049/1200/1065
f 1049/1200/1065 602/1201/1066 433/1119/994 564/1117/993
f 601/1199/1064 1049/1200/1065 564/1117/993 431/1111/988
f 310/442/451 745/447/456 1050/1202/1067 602/1201/1066
f 745/447/456 311/446/455 603/1203/1068 1050/1202/1067
f 1050/1202/1067 603/1203/1068 435/1127/1000 567/1125/999
f 602/1201/1066 1050/1202/1067 567/1125/999 433/1119/994
f 311/446/455 747/451/460 1051/1204/1069 603/1203/1068
f 747/451/460 312/450/459 604/1205/1070 1051/1204/1069
f 1051/1204/1069 604/1205/1070 437/1135/1006 570/1133/1005
f 603/1203/1068 1051/1204/1069 570/1133/1005 435/1127/1000
f 312/450/459 749/455/464 1052/1206/1071 604/1205/1070
f 749/455/464 313/454/463 605/1207/1072 1052/1206/1071
f 1052/1206/1071 605/1207/1072 439/1143/1012 573/1141/1011
f 604/1205/1070 1052/1206/1071 573/1141/1011 437/1135/1006
f 313/454/463 598/1193/1058 1053/1208/1073 605/1207/1072
f 598/1193/1058 422/1072/960 554/1082/968 1053/1208/1073
f 1053/1208/1073 554/1082/968 440/1088/972 576/1149/1017
f 605/1207/1072 1053/1208/1073 576/1149/1017 439/1143/1012
f 314/625/634 837/628/637 1054/1209/1074 838/639/645
f 837/628/637 318/636/642 606/1210/1075 1054/1209/1074
f 1054/1209/1074 606/1210/1075 216/456/465 607/1211/1076
f 838/639/645 1054/1209/1074 607/1211/1076 316/641/646
f 316/641/646 607/1211/1076 1055/1212/1077 841/649/651
f 607/1211/1076 216/456/465 753/459/468 1055/1212/1077
f 1055/1212/1077 753/459/468 217/464/473 608/1213/1078
f 841/649/651 1055/1212/1077 608/1213/1078 320/651/652
f 320/651/652 608/1213/1078 1056/1214/1079 847/665/663
f 608/1213/1078 217/464/473 756/466/475 1056/1214/1079
f 1056/1214/1079 756/466/475 218/470/479 609/1215/1080
f 847/665/663 1056/1214/1079 609/1215/1080 322/667/664
f 322/667/664 609/1215/1080 1057/1216/1081 850/673/669
f 609/1215/1080 218/470/479 759/472/481 1057/1216/1081
f 1057/1216/1081 759/472/481 219/476/485 610/1217/1082
f 850/673/669 1057/1216/1081 610/1217/1082 324/675/670
f 324/675/670 610/1217/1082 1058/1218/1083 853/681/675
f 610/1217/1082 219/476/485 762/478/487 1058/1218/1083
f 1058/1218/1083 762/478/487 220/482/491 611/1219/1084
f 853/681/675 1058/1218/1083 611/1219/1084 326/683/676
f 326/683/676 611/1219/1084 1059/1220/1085 856/689/681
f 611/1219/1084 220/482/491 765/484/493 1059/1220/1085
f 1059/1220/1085 765/484/493 221/488/497 612/1221/1086
f 856/689/681 1059/1220/1085 612/1221/1086 328/691/682
f 328/691/682 612/1221/1086 1060/1222/1087 859/697/687
f 612/1221/1086 221/488/497 768/490/499 1060/1222/1087
f 1060/1222/1087 768/490/499 222/494/503 613/1223/1088
f 859/697/687 1060/1222/1087 613/1223/1088 330/699/688
f 330/699/688 613/1223/1088 1061/1224/1089 862/705/693
f 613/1223/1088 222/494/503 614/1225/1090 1061/1224/1089
f 1061/1224/1089 614/1225/1090 334/717/700 865/715/699
f 862/705/693 1061/1224/1089 865/715/699 332/707/694
f 318/636/642 846/656/656 1062/1226/1091 606/1210/1075
f 846/656/656 336/662/660 615/1227/1092 1062/1226/1091
f 1062/1226/1091 615/1227/1092 223/460/469 750/457/466
f 606/1210/1075 1062/1226/1091 750/457/466 216/456/465
f 222/494/503 767/493/502 1063/1228/1093 614/1225/1090
f 767/493/502 229/492/501 616/1229/1094 1063/1228/1093
f 1063/1228/1093 616/1229/1094 338/725/706 868/723/705
f 614/1225/1090 1063/1228/1093 868/723/705 334/717/700
f 336/662/660 873/730/710 1064/1230/1095 615/1227/1092
f 873/730/710 340/736/714 617/1231/1096 1064/1230/1095
f 1064/1230/1095 617/1231/1096 230/497/506 769/495/504
f 615/1227/1092 1064/1230/1095 769/495/504 223/460/469
f 229/492/501 781/520/529 1065/1232/1097 616/1229/1094
f 781/520/529 236/519/528 618/1233/1098 1065/1232/1097
f 1065/1232/1097 618/1233/1098 342/741/718 874/739/717
f 616/1229/1094 1065/1232/1097 874/739/717 338/725/706
f 340/736/714 879/746/722 1066/1234/1099 617/1231/1096
f 879/746/722 344/752/726 619/1235/1100 1066/1234/1099
f 1066/1234/1099 619/1235/1100 237/523/532 782/521/530
f 617/1231/1096 1066/1234/1099 782/521/530 230/497/506
f 236/519/528 794/546/555 1067/1236/1101 618/1233/1098
f 794/546/555 243/545/554 620/1237/1102 1067/1236/1101
f 1067/1236/1101 620/1237/1102 346/757/730 880/755/729
f 618/1233/1098 1067/1236/1101 880/755/729 342/741/718
f 344/752/726 885/762/734 1068/1238/1103 619/1235/1100
f 885/762/734 348/768/738 621/1239/1104 1068/1238/1103
f 1068/1238/1103 621/1239/1104 244/549/558 795/547/556
f 619/1235/1100 1068/1238/1103 795/547/556 237/523/532
f 243/545/554 807/572/581 1069/1240/1105 620/1237/1102
f 807/572/581 250/571/580 622/1241/1106 1069/1240/1105
f 1069/1240/1105 622/1241/1106 350/773/742 886/771/741
f 620/1237/1102 1069/1240/1105 886/771/741 346/757/730
f 348/768/738 443/778/746 1070/1242/1107 621/1239/1104
f 443/778/746 352/784/750 623/1243/1108 1070/1242/1107
f 1070/1242/1107 623/1243/1108 251/575/584 808/573/582
f 621/1239/1104 1070/1242/1107 808/573/582 244/549/558
f 250/571/580 820/598/607 1071/1244/1109 622/1241/1106
f 820/598/607 257/597/606 624/1245/1110 1071/1244/1109
f 1071/1244/1109 624/1245/1110 354/789/754 444/787/753
f 622/1241/1106 1071/1244/1109 444/787/753 350/773/742
f 352/784/750 449/794/758 1072/1246/1111 623/1243/1108
f 449/794/758 356/800/762 625/1247/1112 1072/1246/1111
f 1072/1246/1111 625/1247/1112 258/601/610 821/599/608
f 623/1243/1108 1072/1246/1111 821/599/608 251/575/584
f 257/597/606 833/624/633 1073/1248/1113 624/1245/1110
f 833/624/633 264/623/632 626/1249/1114 1073/1248/1113
f 1073/1248/1113 626/1249/1114 358/805/766 450/803/765
f 624/1245/1110 1073/1248/1113 450/803/765 354/789/754
f 356/800/762 455/810/770 1074/1250/1115 625/1247/1112
f 455/810/770 360/816/774 461/826/782 1074/1250/1115
f 1074/1250/1115 461/826/782 364/834/786 627/1251/1116
f 625/1247/1112 1074/1250/1115 627/1251/1116 258/601/610
f 258/601/610 627/1251/1116 1075/1252/1117 822/602/611
f 627/1251/1116 364/834/786 467/846/794 1075/1252/1117
f 1075/1252/1117 467/846/794 366/852/798 628/1253/1118
f 822/602/611 1075/1252/1117 628/1253/1118 259/603/612
f 259/603/612 628/1253/1118 1076/1254/1119 824/606/615
f 628/1253/1118 366/852/798 470/854/800 1076/1254/1119
f 1076/1254/1119 470/854/800 368/860/804 629/1255/1120
f 824/606/615 1076/1254/1119 629/1255/1120 260/607/616
f 260/607/616 629/1255/1120 1077/1256/1121 826/610/619
f 629/1255/1120 368/860/804 473/862/806 1077/1256/1121
f 1077/1256/1121 473/862/806 370/868/810 630/1257/1122
f 826/610/619 1077/1256/1121 630/1257/1122 261/611/620
f 261/611/620 630/1257/1122 1078/1258/1123 828/614/623
f 630/1257/1122 370/868/810 476/870/812 1078/1258/1123
f 1078/1258/1123 476/870/812 372/876/816 631/1259/1124
f 828/614/623 1078/1258/1123 631/1259/1124 262/615/624
f 262/615/624 631/1259/1124 1079/1260/1125 830/618/627
f 631/1259/1124 372/876/816 479/878/818 1079/1260/1125
f 1079/1260/1125 479/878/818 374/884/822 632/1261/1126
f 830/618/627 1079/1260/1125 632/1261/1126 263/619/628
f 263/619/628 632/1261/1126 1080/1262/1127 832/622/631
f 632/1261/1126 374/884/822 481/886/824 1080/1262/1127
f 1080/1262/1127 481/886/824 376/839/790 633/1263/1128
f 832/622/631 1080/1262/1127 633/1263/1128 264/623/632
f 264/623/632 633/1263/1128 1081/1264/1129 626/1249/1114
f 633/1263/1128 376/839/790 462/837/789 1081/1264/1129
f 1081/1264/1129 462/837/789 362/821/778 456/819/777
f 626/1249/1114 1081/1264/1129 456/819/777 358/805/766
f 315/630/638 840/638/644 1082/1265/1130 635/1266/1131
f 840/643/644 317/646/648 634/1267/1132 1082/1268/1130
f 1082/1268/1130 634/1267/1132 381/907/838 486/906/837
f 635/1266/1131 1082/1265/1130 486/903/837 378/889/826
f 319/633/640 835/631/639 1083/1269/1133 636/1270/1134
f 835/631/639 315/630/638 635/1266/1131 1083/1269/1133
f 1083/1269/1133 635/1266/1131 378/889/826 485/892/829
f 636/1270/1134 1083/1269/1133 485/892/829 382/900/834
f 317/646/648 843/648/650 1084/1271/1135 634/1267/1132
f 843/648/650 321/654/654 637/1272/1136 1084/1271/1135
f 1084/1271/1135 637/1272/1136 385/915/844 489/913/843
f 634/1267/1132 1084/1271/1135 489/913/843 381/907/838
f 321/654/654 849/664/662 1085/1273/1137 637/1272/1136
f 849/664/662 323/670/666 638/1274/1138 1085/1273/1137
f 1085/1273/1137 638/1274/1138 387/931/856 495/929/855
f 637/1272/1136 1085/1273/1137 495/929/855 385/915/844
f 323/670/666 852/672/668 1086/1275/1139 638/1274/1138
f 852/672/668 325/678/672 639/1276/1140 1086/1275/1139
f 1086/1275/1139 639/1276/1140 389/939/862 498/937/861
f 638/1274/1138 1086/1275/1139 498/937/861 387/931/856
f 325/678/672 855/680/674 1087/1277/1141 639/1276/1140
f 855/680/674 327/686/678 640/1278/1142 1087/1277/1141
f 1087/1277/1141 640/1278/1142 391/947/868 501/945/867
f 639/1276/1140 1087/1277/1141 501/945/867 389/939/862
f 327/686/678 858/688/680 1088/1279/1143 640/1278/1142
f 858/688/680 329/694/684 641/1280/1144 1088/1279/1143
f 1088/1279/1143 641/1280/1144 393/955/874 504/953/873
f 640/1278/1142 1088/1279/1143 504/953/873 391/947/868
f 329/694/684 861/696/686 1089/1281/1145 641/1280/1144
f 861/696/686 331/702/690 642/1282/1146 1089/1281/1145
f 1089/1281/1145 642/1282/1146 395/963/880 507/961/879
f 641/1280/1144 1089/1281/1145 507/961/879 393/955/874
f 331/702/690 864/704/692 1090/1283/1147 642/1282/1146
f 864/709/692 333/712/696 643/1284/1148 1090/1285/1147
f 1090/1285/1147 643/1284/1148 397/973/886 510/972/885
f 642/1282/1146 1090/1283/1147 510/969/885 395/963/880
f 333/712/696 867/714/698 1091/1286/1149 643/1284/1148
f 867/714/698 335/720/702 644/1287/1150 1091/1286/1149
f 1091/1286/1149 644/1287/1150 399/981/892 513/979/891
f 643/1284/1148 1091/1286/1149 513/979/891 397/973/886
f 337/659/658 844/657/657 1092/1288/1151 645/1289/1152
f 844/657/657 319/633/640 636/1270/1134 1092/1288/1151
f 1092/1288/1151 636/1270/1134 382/900/834 494/920/848
f 645/1289/1152 1092/1288/1151 494/920/848 400/926/852
f 335/720/702 870/722/704 1093/1290/1153 644/1287/1150
f 870/722/704 339/728/708 646/1291/1154 1093/1290/1153
f 1093/1290/1153 646/1291/1154 403/989/898 516/987/897
f 644/1287/1150 1093/1290/1153 516/987/897 399/981/892
f 341/733/712 871/731/711 1094/1292/1155 647/1293/1156
f 871/731/711 337/659/658 645/1289/1152 1094/1292/1155
f 1094/1292/1155 645/1289/1152 400/926/852 521/994/902
f 647/1293/1156 1094/1292/1155 521/994/902 404/1000/906
f 339/728/708 876/738/716 1095/1294/1157 646/1291/1154
f 876/738/716 343/744/720 648/1295/1158 1095/1294/1157
f 1095/1294/1157 648/1295/1158 407/1005/910 522/1003/909
f 646/1291/1154 1095/1294/1157 522/1003/909 403/989/898
f 345/749/724 877/747/723 1096/1296/1159 649/1297/1160
f 877/747/723 341/733/712 647/1293/1156 1096/1296/1159
f 1096/1296/1159 647/1293/1156 404/1000/906 527/1010/914
f 649/1297/1160 1096/1296/1159 527/1010/914 408/1016/918
f 343/744/720 882/754/728 1097/1298/1161 648/1295/1158
f 882/754/728 347/760/732 650/1299/1162 1097/1298/1161
f 1097/1298/1161 650/1299/1162 411/1021/922 528/1019/921
f 648/1295/1158 1097/1298/1161 528/1019/921 407/1005/910
f 349/765/736 883/763/735 1098/1300/1163 651/1301/1164
f 883/763/735 345/749/724 649/1297/1160 1098/1300/1163
f 1098/1300/1163 649/1297/1160 408/1016/918 533/1026/926
f 651/1301/1164 1098/1300/1163 533/1026/926 412/1032/930
f 347/760/732 888/770/740 1099/1302/1165 650/1299/1162
f 888/770/740 351/776/744 652/1303/1166 1099/1302/1165
f 1099/1302/1165 652/1303/1166 415/1037/934 534/1035/933
f 650/1299/1162 1099/1302/1165 534/1035/933 411/1021/922
f 353/781/748 889/779/747 1100/1304/1167 653/1305/1168
f 889/779/747 349/765/736 651/1301/1164 1100/1304/1167
f 1100/1304/1167 651/1301/1164 412/1032/930 539/1042/938
f 653/1305/1168 1100/1304/1167 539/1042/938 416/1048/942
f 351/776/744 446/786/752 1101/1306/1169 652/1303/1166
f 446/786/752 355/792/756 654/1307/1170 1101/1306/1169
f 1101/1306/1169 654/1307/1170 419/1053/946 540/1051/945
f 652/1303/1166 1101/1306/1169 540/1051/945 415/1037/934
f 357/797/760 447/795/759 1102/1308/1171 655/1309/1172
f 447/795/759 353/781/748 653/1305/1168 1102/1308/1171
f 1102/1308/1171 653/1305/1168 416/1048/942 545/1058/950
f 655/1309/1172 1102/1308/1171 545/1058/950 420/1064/954
f 355/792/756 452/802/764 1103/1310/1173 654/1307/1170
f 452/802/764 359/808/768 656/1311/1174 1103/1310/1173
f 1103/1310/1173 656/1311/1174 423/1069/958 546/1067/957
f 654/1307/1170 1103/1310/1173 546/1067/957 419/1053/946
f 365/831/784 459/830/783 1104/1312/1175 658/1313/1176
f 459/827/783 361/813/772 657/1314/1177 1104/1315/1175
f 1104/1315/1175 657/1314/1177 427/1080/966 559/1106/984
f 658/1313/1176 1104/1312/1175 559/1103/984 424/1089/973
f 361/813/772 453/811/771 1105/1316/1178 657/1314/1177
f 453/811/771 357/797/760 655/1309/1172 1105/1316/1178
f 1105/1316/1178 655/1309/1172 420/1064/954 551/1074/962
f 657/1314/1177 1105/1316/1178 551/1074/962 427/1080/966
f 367/849/796 465/847/795 1106/1317/1179 659/1318/1180
f 465/847/795 365/831/784 658/1313/1176 1106/1317/1179
f 1106/1317/1179 658/1313/1176 424/1089/973 558/1092/976
f 659/1318/1180 1106/1317/1179 558/1092/976 428/1100/981
f 369/857/802 468/855/801 1107/1319/1181 660/1320/1182
f 468/855/801 367/849/796 659/1318/1180 1107/1319/1181
f 1107/1319/1181 659/1318/1180 428/1100/981 563/1108/986
f 660/1320/1182 1107/1319/1181 563/1108/986 430/1114/990
f 371/865/808 471/863/807 1108/1321/1183 661/1322/1184
f 471/863/807 369/857/802 660/1320/1182 1108/1321/1183
f 1108/1321/1183 660/1320/1182 430/1114/990 566/1116/992
f 661/1322/1184 1108/1321/1183 566/1116/992 432/1122/996
f 373/873/814 474/871/813 1109/1323/1185 662/1324/1186
f 474/871/813 371/865/808 661/1322/1184 1109/1323/1185
f 1109/1323/1185 661/1322/1184 432/1122/996 569/1124/998
f 662/1324/1186 1109/1323/1185 569/1124/998 434/1130/1002
f 375/881/820 477/879/819 1110/1325/1187 663/1326/1188
f 477/879/819 373/873/814 662/1324/1186 1110/1325/1187
f 1110/1325/1187 662/1324/1186 434/1130/1002 572/1132/1004
f 663/1326/1188 1110/1325/1187 572/1132/1004 436/1138/1008
f 377/844/792 480/887/825 1111/1327/1189 664/1328/1190
f 480/887/825 375/881/820 663/1326/1188 1111/1327/1189
f 1111/1327/1189 663/1326/1188 436/1138/1008 575/1140/1010
f 664/1328/1190 1111/1327/1189 575/1140/1010 438/1146/1014
f 359/808/768 458/818/776 1112/1329/1191 656/1311/1174
f 458/818/776 363/824/780 665/1330/1192 1112/1329/1191
f 1112/1329/1191 665/1330/1192 441/1085/970 552/1083/969
f 656/1311/1174 1112/1329/1191 552/1083/969 423/1069/958
f 363/824/780 464/836/788 1113/1331/1193 665/1330/1192
f 464/841/788 377/844/792 664/1328/1190 1113/1332/1193
f 1113/1332/1193 664/1328/1190 438/1146/1014 577/1148/1016
f 665/1330/1192 1113/1331/1193 577/1151/1016 441/1085/970
